-- 91_seed_from_xlsx.sql
-- Generated from CompanyApp_SBinterlab(3).xlsx
begin;

-- FIX V3: created_at NULL + password_reset_by_emp_id + normalize emp_id 2/56 ที่ไม่ใช่ emp_id เช่น SELF_FIRST_LOGIN แก้เป็น NULL ก่อน import
alter table app_users alter column created_at drop not null;

insert into departments(dept_th) values
('IT'),
('Logistic'),
('Logistics'),
('Safety'),
('การตลาด ออนไลน์'),
('การตลาดออนไลน์'),
('ขาย'),
('คลังบรรจุภัณฑ์'),
('คลังสินค้าสำเร็จรูป'),
('ควบคุมคุณภาพ'),
('จัดซื้อ'),
('ชั่งสาร/คลังวัตถุดิบ'),
('ซ่อมบำรุงรักษา'),
('บรรจุ-สายพาน'),
('บริหาร'),
('บัญชีการเงิน'),
('บัญชีลูกหนี้'),
('บุคคล'),
('ผสมเคมี'),
('ฝ่ายบุคคล'),
('ฝ่ายวิจัยและพัฒนา'),
('วิจัยและพัฒนา'),
('สำนักงาน'),
('ส่งออก'),
('ส่งเสริมการขาย'),
('เจ้าที่วางแผนผลิต'),
('เจ้าหน้าที่ประสานงาน'),
('เจ้าหน้าที่ประสานงานผลิต'),
('เจ้าหน้าที่วางแผนผลิต'),
('ไอที')
on conflict (dept_th) do nothing;

insert into positions(position_th) values
('QCR'),
('คนสวน'),
('จป.ปฏิบัติการ'),
('จัดส่งฝ่ายผลิต'),
('ช่างซ่อมบำรุง(ช่างกลโรงงาน)'),
('ช่างเทคนิคเครื่องเดินซองสระดำ'),
('ช่างเหล็ก/ช่างเชื่อม/ช่างประปา'),
('ช่างไฟฟ้าและอิเล็คทรอนิคส์'),
('บริหาร'),
('ปั่นใบเดี่ยว'),
('ผู้จัดการ การตลาดออนไลน์'),
('ผู้จัดการฝ่ายขายต่างประเทศ'),
('ผู้จัดการฝ่ายขายและการตลาด'),
('ผู้จัดการฝ่ายควบคุม/ประกันคุณภาพ'),
('ผู้จัดการฝ่ายจัดซื้อ'),
('ผู้จัดการฝ่ายทรัพยากรบุคคล'),
('ผู้จัดการฝ่ายบัญชีการเงิน'),
('ผู้จัดการฝ่ายบัญชีลูกหนี้'),
('ผู้จัดการฝ่ายผลิต'),
('ผู้จัดการแผนกวิศวกรรมและซ่อมบำรุง'),
('ผู้จัดการโรงงาน'),
('ผู้ช่วยตัวแทนฝ่ายบริหาร'),
('ผู้ช่วยผู้จัดการฝ่ายบัญชีลูกหนี้'),
('ผู้ช่วยผู้บริหาร'),
('ผู้ช่วยฝ่ายปฏิบัติการและบุคคล'),
('ผู้ช่วยหัวหน้าคลังวัตถุดิบ'),
('ผู้ช่วยหัวหน้าปั่นใบเดี่ยว'),
('ผู้ช่วยหัวหน้าผสมเคมี'),
('ผู้ช่วยหัวหน้าส่วนงานบริหารคลังสินค้าสำเร็จรูป'),
('ผู้ช่วยเจ้าหน้าที่ประสานงานลูกค้า OEM'),
('ผู้ช่วยเจ้าหน้าที่ฝ่ายวิจัยและพัฒนา'),
('ผู้บริหารหน่วยงานความปลอดภัย'),
('ผู้ปฏิบัติงานประจำระบบบำบัดน้ำเสีย'),
('พนักงาน QA'),
('พนักงาน QC Line'),
('พนักงาน QCB'),
('พนักงาน QCM'),
('พนักงาน QCP'),
('พนักงาน RDP'),
('พนักงานขับรถ'),
('พนักงานขาย'),
('พนักงานครีมย้อม'),
('พนักงานตรวจสอบความคงตัวของผลิตภัณฑ์'),
('พนักงานติดฉลากและบรรจุหีบห่อ 1'),
('พนักงานติดฉลากและบรรจุหีบห่อ 10'),
('พนักงานติดฉลากและบรรจุหีบห่อ 11'),
('พนักงานติดฉลากและบรรจุหีบห่อ 12'),
('พนักงานติดฉลากและบรรจุหีบห่อ 13'),
('พนักงานติดฉลากและบรรจุหีบห่อ 2'),
('พนักงานติดฉลากและบรรจุหีบห่อ 3'),
('พนักงานติดฉลากและบรรจุหีบห่อ 4'),
('พนักงานติดฉลากและบรรจุหีบห่อ 5'),
('พนักงานติดฉลากและบรรจุหีบห่อ 6'),
('พนักงานติดฉลากและบรรจุหีบห่อ 7'),
('พนักงานติดฉลากและบรรจุหีบห่อ 9'),
('พนักงานถอดถุง'),
('พนักงานทำกล่อง'),
('พนักงานบรรจุไฮโดรเจน( ห้อง8 )'),
('พนักงานผลิต สพ.13'),
('พนักงานพิมพ์และจัดเก็บเอกสาร'),
('พนักงานอวุโส QCB(Senior QCB)'),
('พนักงานอวุโส QCP'),
('พนักงานเข็นBULK'),
('พนักงานเข็นงาน'),
('พนักงานเสริฟบรรจุภัณฑ์'),
('ส่วนงานขับรถรับสินค้าเข้าคลังและจัดเก็บ'),
('ส่วนงานรับสินค้าและบริหารพื้นที่คลังสินค้า'),
('ส่วนงานห้องเคลียร์สินค้ารับคืนสินค้า'),
('หน่วยกิจกรรม'),
('หม้อผสมครีมย้อม'),
('หม้อผสมครีมย้อม(สบู่)'),
('หัวหน้าคลังบรรจุภัณฑ์'),
('หัวหน้าชั่งสารและคลังวัตถุดิบ'),
('หัวหน้าฝ่าย Logistic'),
('หัวหน้าฝ่ายคลังสินค้าสำเร็จรูป'),
('หัวหน้าฝ่ายจัดซื้อ'),
('หัวหน้าฝ่ายซ่อมบำรุง'),
('หัวหน้าฝ่ายวิจัยและพัฒนา'),
('หัวหน้าสายพาน'),
('หัวหน้าห้องซอง/สระดำ'),
('หัวหน้าห้องปฏิบัติการ'),
('หัวหน้าเจ้าหน้าที่ทำความสะอาด'),
('หัวหน้าแผนกบรรจุ'),
('หัวหน้าแผนกปั่นใบเดี่ยว'),
('ห้องบรรจุผง'),
('ห้องบรรจุสินค้า 1'),
('ห้องบรรจุสินค้า 10'),
('ห้องบรรจุสินค้า 11'),
('ห้องบรรจุสินค้า 12'),
('ห้องบรรจุสินค้า 2'),
('ห้องบรรจุสินค้า 3'),
('ห้องบรรจุสินค้า 4'),
('ห้องบรรจุสินค้า 5'),
('ห้องบรรจุสินค้า 6'),
('ห้องบรรจุสินค้า 7'),
('ห้องบรรจุสินค้า 9'),
('ห้องเทสเตอร์'),
('เครื่องเดินซองสระดำ'),
('เครื่องแปะสติกเกอร์'),
('เจ้าหน้าที่ Checker สินค้าสำเร็จรูป'),
('เจ้าหน้าที่ Marketplace'),
('เจ้าหน้าที่ Stability'),
('เจ้าหน้าที่การตลาด ออนไลน์'),
('เจ้าหน้าที่การตลาดเทรด(ดูแลกิจกรรม)'),
('เจ้าหน้าที่ควมคุมสิ่งแวดล้อม'),
('เจ้าหน้าที่คีย์ตัดสต็อก'),
('เจ้าหน้าที่จัดส่งสินค้าเขตกรุงเทพ'),
('เจ้าหน้าที่จัดเตรียมวัตถุดิบ'),
('เจ้าหน้าที่ชั่งเคมี'),
('เจ้าหน้าที่ดูแลหม้อผสม'),
('เจ้าหน้าที่ทำความสะอาด'),
('เจ้าหน้าที่บัญชี/การเงิน(เจ้าหนี้การค้า)'),
('เจ้าหน้าที่บัญชี/การเงิน(เจ้าหนี้เงินรางวัล)'),
('เจ้าหน้าที่บัญชีลูกหนี้ 1'),
('เจ้าหน้าที่บัญชีลูกหนี้ 3'),
('เจ้าหน้าที่บัญชีลูกหนี้ 4'),
('เจ้าหน้าที่บัญชีลูกหนี้ 5'),
('เจ้าหน้าที่บัญชีลูกหนี้ 6'),
('เจ้าหน้าที่บัญชีและการเงิน(ภาษี)'),
('เจ้าหน้าที่ประสานงานฝ่ายขายต่างประเทศ'),
('เจ้าหน้าที่ประสานงานลูกค้า (OEM)'),
('เจ้าหน้าที่ฝ่ายควบคุมเอกสาร'),
('เจ้าหน้าที่ฝ่ายจัดซื้อบรรจุภัณฑ์ ( คลัง 1 )'),
('เจ้าหน้าที่ฝ่ายจัดซื้อบรรจุภัณฑ์( คลัง 2 )'),
('เจ้าหน้าที่ฝ่ายจัดซื้อวัถุดิบ ( เคมีภัณฑ์ )'),
('เจ้าหน้าที่ฝ่ายทรัพยากรบุคคล'),
('เจ้าหน้าที่ฝ่ายวิจัยและพัฒนา'),
('เจ้าหน้าที่ยกสินค้าสำเร็จรูปจัดส่ง'),
('เจ้าหน้าที่รักษาความปลอดภัย'),
('เจ้าหน้าที่รับ-เบิกจ่ายบรรจุภัณฑ์'),
('เจ้าหน้าที่รับบรรจุภัณฑ์'),
('เจ้าหน้าที่รับออร์เดอร์'),
('เจ้าหน้าที่ลูกค้าสัมพันธ์'),
('เจ้าหน้าที่ล้างถังเบาท์'),
('เจ้าหน้าที่วางแผนผลิต'),
('เจ้าหน้าที่สารสนเทศ'),
('เจ้าหน้าที่สารสนเทศและบันทึกข้อมูลหลัก'),
('เจ้าหน้าที่ออกแบบผลิตภัณฑ์'),
('เจ้าหน้าที่อาวุโสแผนกประสานงานลูกค้า OEM'),
('เจ้าหน้าที่เก็บข้อมูลการผลิต'),
('เจ้าหน้าที่เบิกจ่ายบรรจุภัณฑ์'),
('เจ้าหน้าที่เบิกจ่ายวัตถุดิบ'),
('เจ้าหน้าที่แผนกช่างไฟฟ้าและอิเล็คทรอนิคส์'),
('แอดมิน')
on conflict (position_th) do nothing;

insert into app_users(
emp_id, role, email, name_th, surname_th, nickname_th, dept_th, pos_th,
name_en, surname_en, nickname_en, dept_en, pos_en,
name_my, surname_my, nickname_my, dept_my, pos_my,
phone, points, total_earned, avatar_url, last_check_in, check_in_count,
presence, status, start_work_date, created_at, force_password_change,
password_changed_at, password_reset_at, password_reset_by_emp_id, password_policy
) values
('002','user'::app_role,'sinchai@gmail.com','สินชัย','ภู่เพชร','อิฐ','ไอที','บริหาร',NULL,NULL,NULL,NULL,NULL,NULL,NULL,NULL,NULL,NULL,NULL,1,0,NULL,'2026-05-29'::date,1,'online'::presence_status,'active'::user_status,NULL,NULL,true,NULL,NULL,NULL,'8-char-no-thai'),
('056','user'::app_role,'dah.saowani@gmail.com','เสาวณีย์','แบรอมาน','นิดะห์','บรรจุ-สายพาน','หัวหน้าสายพาน',NULL,NULL,NULL,NULL,NULL,NULL,NULL,NULL,NULL,NULL,NULL,0,0,NULL,NULL,0,'offline'::presence_status,'active'::user_status,NULL,NULL,true,NULL,NULL,NULL,'8-char-no-thai'),
('75','user'::app_role,'kammanidd@gmail.com','เขมนิจ','ตาปนานนท์','เหมียว','คลังสินค้าสำเร็จรูป','หัวหน้าฝ่ายคลังสินค้าสำเร็จรูป',NULL,NULL,NULL,NULL,NULL,NULL,NULL,NULL,NULL,NULL,NULL,1,0,NULL,'2026-05-29'::date,1,'online'::presence_status,'active'::user_status,NULL,NULL,true,NULL,NULL,NULL,'8-char-no-thai'),
('94','user'::app_role,'punneeauemchalad@gmail.com','พรรณี','เอี่ยมฉลาด','บี','คลังสินค้าสำเร็จรูป','ผู้ช่วยหัวหน้าส่วนงานบริหารคลังสินค้าสำเร็จรูป',NULL,NULL,NULL,NULL,NULL,NULL,NULL,NULL,NULL,NULL,NULL,0,0,NULL,NULL,0,'offline'::presence_status,'active'::user_status,NULL,NULL,true,NULL,NULL,NULL,'8-char-no-thai'),
('1012','user'::app_role,'parichard.lt@gmail.com','ปาริชาติ','รักญาติ','ลิต้า','ควบคุมคุณภาพ','QCR',NULL,NULL,NULL,NULL,NULL,NULL,NULL,NULL,NULL,NULL,NULL,1,0,NULL,'2026-05-29'::date,1,'online'::presence_status,'active'::user_status,NULL,NULL,true,NULL,NULL,NULL,'8-char-no-thai'),
('1029','user'::app_role,'Fern76t@gmail.com','สายธาร','ดีไทย','นัจวา','คลังบรรจุภัณฑ์','เจ้าหน้าที่เบิกจ่ายบรรจุภัณฑ์',NULL,NULL,NULL,NULL,NULL,NULL,NULL,NULL,NULL,NULL,NULL,0,0,NULL,NULL,0,'offline'::presence_status,'active'::user_status,NULL,NULL,true,NULL,NULL,NULL,'8-char-no-thai'),
('1046','user'::app_role,'kitsanamatmali65@gmail.com','กฤษณะ','หมาดมาลี','กิ๊ฟลี','คลังสินค้าสำเร็จรูป','ส่วนงานขับรถรับสินค้าเข้าคลังและจัดเก็บ',NULL,NULL,NULL,NULL,NULL,NULL,NULL,NULL,NULL,NULL,NULL,0,0,NULL,NULL,0,'offline'::presence_status,'active'::user_status,NULL,NULL,true,NULL,NULL,NULL,'8-char-no-thai'),
('1066','user'::app_role,'boonk0845587032@gmail.com','บุญเกิด','คำยางจ้อง','หมวย','Logistics','เจ้าหน้าที่รับออร์เดอร์',NULL,NULL,NULL,NULL,NULL,NULL,NULL,NULL,NULL,NULL,NULL,0,0,NULL,NULL,0,'offline'::presence_status,'active'::user_status,NULL,NULL,true,NULL,NULL,NULL,'8-char-no-thai'),
('1215','user'::app_role,'walaa.sin9ha@gmail.com','กษมา','สิงห์งาม','กัส','บริหาร','ผู้ช่วยผู้บริหาร',NULL,NULL,NULL,NULL,NULL,NULL,NULL,NULL,NULL,NULL,NULL,0,0,NULL,NULL,0,'offline'::presence_status,'active'::user_status,NULL,NULL,true,NULL,NULL,NULL,'8-char-no-thai'),
('1219','user'::app_role,'malinee@carebeau-enjoy.com','มาลินี','ศุภกิจ','กุ้ง','ขาย','พนักงานขาย',NULL,NULL,NULL,NULL,NULL,NULL,NULL,NULL,NULL,NULL,NULL,0,0,NULL,NULL,0,'offline'::presence_status,'active'::user_status,NULL,NULL,true,NULL,NULL,NULL,'8-char-no-thai'),
('1220','user'::app_role,'kitiya.harit253051mam@gmail.com','กิติยา','หมวดหลำ','แหม่ม','ส่งเสริมการขาย','หน่วยกิจกรรม',NULL,NULL,NULL,NULL,NULL,NULL,NULL,NULL,NULL,NULL,NULL,0,0,NULL,NULL,0,'offline'::presence_status,'active'::user_status,NULL,NULL,true,NULL,NULL,NULL,'8-char-no-thai'),
('1277','user'::app_role,'boom0923834677@gmail.com','LATSAMY','SOUPHIMPHA','หมี(ลัดสะหมี)','ผสมเคมี','ผู้ช่วยหัวหน้าปั่นใบเดี่ยว',NULL,NULL,NULL,NULL,NULL,NULL,NULL,NULL,NULL,NULL,NULL,0,0,NULL,NULL,0,'offline'::presence_status,'active'::user_status,NULL,NULL,true,NULL,NULL,NULL,'8-char-no-thai'),
('1283','user'::app_role,'pavarisa.mee@gmail.com','ปวริศา','บุตรมี','แอมมี่','บรรจุ-สายพาน','หัวหน้าแผนกบรรจุ',NULL,NULL,NULL,NULL,NULL,NULL,NULL,NULL,NULL,NULL,NULL,0,0,NULL,NULL,0,'offline'::presence_status,'active'::user_status,NULL,NULL,true,NULL,NULL,NULL,'8-char-no-thai'),
('1337','user'::app_role,'nirat.a1937@gmail.com','นิรัตน์','เอี่ยมวิจารณ์','เอ','เจ้าหน้าที่ประสานงาน','เจ้าหน้าที่อาวุโสแผนกประสานงานลูกค้า OEM',NULL,NULL,NULL,NULL,NULL,NULL,NULL,NULL,NULL,NULL,NULL,0,0,NULL,NULL,0,'offline'::presence_status,'active'::user_status,NULL,NULL,true,NULL,NULL,NULL,'8-char-no-thai'),
('1351','user'::app_role,'ratreemoontreepakdee@gmail.com','ราตรี','มูลตรีภักดี','แต้','ผสมเคมี','ปั่นใบเดี่ยว',NULL,NULL,NULL,NULL,NULL,NULL,NULL,NULL,NULL,NULL,NULL,0,0,NULL,NULL,0,'offline'::presence_status,'active'::user_status,NULL,NULL,true,NULL,NULL,NULL,'8-char-no-thai'),
('1368','user'::app_role,'nampchet.nr@gmail.com','น้ำเพชร','รักญาติ','นะห์','IT','เจ้าหน้าที่สารสนเทศและบันทึกข้อมูลหลัก',NULL,NULL,NULL,NULL,NULL,NULL,NULL,NULL,NULL,NULL,NULL,0,0,NULL,NULL,0,'offline'::presence_status,'active'::user_status,NULL,NULL,true,NULL,NULL,NULL,'8-char-no-thai'),
('1374','user'::app_role,'chulyaporn9@gmail.com','จุฬญาภรณ์','อยู่โคก','หน่อย','บริหาร','ผู้จัดการฝ่ายบัญชีการเงิน',NULL,NULL,NULL,NULL,NULL,NULL,NULL,NULL,NULL,NULL,NULL,0,0,NULL,NULL,0,'offline'::presence_status,'active'::user_status,NULL,NULL,true,NULL,NULL,NULL,'8-char-no-thai'),
('1379','user'::app_role,'jinda9144@gmail.com','รินดา','นุชไสว','เล็ก','คลังบรรจุภัณฑ์','เจ้าหน้าที่รับ-เบิกจ่ายบรรจุภัณฑ์',NULL,NULL,NULL,NULL,NULL,NULL,NULL,NULL,NULL,NULL,NULL,0,0,NULL,NULL,0,'offline'::presence_status,'active'::user_status,NULL,NULL,true,NULL,NULL,NULL,'8-char-no-thai'),
('1380','user'::app_role,'sutthiporn0520@gmail.com','สุทธิพร','ไชยเดช','ยู','ขาย','พนักงานขาย',NULL,NULL,NULL,NULL,NULL,NULL,NULL,NULL,NULL,NULL,NULL,0,0,NULL,NULL,0,'offline'::presence_status,'active'::user_status,NULL,NULL,true,NULL,NULL,NULL,'8-char-no-thai'),
('1401','user'::app_role,'meawmabang@gmail.com','ชลธิชา','มาบัง','เหมียว','ส่งออก','เจ้าหน้าที่ประสานงานลูกค้า (OEM)',NULL,NULL,NULL,NULL,NULL,NULL,NULL,NULL,NULL,NULL,NULL,0,0,NULL,NULL,0,'offline'::presence_status,'active'::user_status,NULL,NULL,true,NULL,NULL,NULL,'8-char-no-thai'),
('1404','user'::app_role,'akkradet334060@gmail.com','อัครเดช','เสนสาร','เอส','ขาย','พนักงานขาย',NULL,NULL,NULL,NULL,NULL,NULL,NULL,NULL,NULL,NULL,NULL,0,0,NULL,NULL,0,'offline'::presence_status,'active'::user_status,NULL,NULL,true,NULL,NULL,NULL,'8-char-no-thai'),
('1413','user'::app_role,'wanna81962@gmail.com','วรรณา','กลับสงเคราะห์','วรรณา','บรรจุ-สายพาน','เครื่องเดินซองสระดำ',NULL,NULL,NULL,NULL,NULL,NULL,NULL,NULL,NULL,NULL,NULL,0,0,NULL,NULL,0,'offline'::presence_status,'active'::user_status,NULL,NULL,true,NULL,NULL,NULL,'8-char-no-thai'),
('1421','user'::app_role,'thidarutpanlampong@gmail.com','ธิดารัตน์','ปั้นลำพอง','ปุ้ย','ควบคุมคุณภาพ','พนักงานตรวจสอบความคงตัวของผลิตภัณฑ์',NULL,NULL,NULL,NULL,NULL,NULL,NULL,NULL,NULL,NULL,NULL,0,0,NULL,NULL,0,'offline'::presence_status,'active'::user_status,NULL,NULL,true,NULL,NULL,NULL,'8-char-no-thai'),
('1438','user'::app_role,'ynmesa17@gmail.com','เมทินี','กองเสล็ม','ก๊ะ','บรรจุ-สายพาน','หัวหน้าสายพาน',NULL,NULL,NULL,NULL,NULL,NULL,NULL,NULL,NULL,NULL,NULL,0,0,NULL,NULL,0,'offline'::presence_status,'active'::user_status,NULL,NULL,true,NULL,NULL,NULL,'8-char-no-thai'),
('1455','user'::app_role,'juntima290427@gmail.com','จันธิมา','แสงโพธิ์แก้ว','จิ๊บ','บรรจุ-สายพาน','พนักงานติดฉลากและบรรจุหีบห่อ 1',NULL,NULL,NULL,NULL,NULL,NULL,NULL,NULL,NULL,NULL,NULL,0,0,NULL,NULL,0,'offline'::presence_status,'active'::user_status,NULL,NULL,true,NULL,NULL,NULL,'8-char-no-thai'),
('1457','user'::app_role,'sarinjongkonngam@gmail.com','ฉลวย','จงกลงาม','อางค์','บรรจุ-สายพาน','พนักงานผลิต สพ.13',NULL,NULL,NULL,NULL,NULL,NULL,NULL,NULL,NULL,NULL,NULL,0,0,NULL,NULL,0,'offline'::presence_status,'active'::user_status,NULL,NULL,true,NULL,NULL,NULL,'8-char-no-thai'),
('148','user'::app_role,'jaruneebamrungislam@gmail.com','จารุณี','บำรุงอิสลาม','รุ','บริหาร','ผู้จัดการฝ่ายบัญชีลูกหนี้',NULL,NULL,NULL,NULL,NULL,NULL,NULL,NULL,NULL,NULL,NULL,0,0,NULL,NULL,0,'offline'::presence_status,'active'::user_status,NULL,NULL,true,NULL,NULL,NULL,'8-char-no-thai'),
('1508','user'::app_role,'amaramagpol@gmail.com','อมรา','มักผล','ฟะห์','บรรจุ-สายพาน','หัวหน้าสายพาน',NULL,NULL,NULL,NULL,NULL,NULL,NULL,NULL,NULL,NULL,NULL,0,0,NULL,NULL,0,'offline'::presence_status,'active'::user_status,NULL,NULL,true,NULL,NULL,NULL,'8-char-no-thai'),
('1519','user'::app_role,'vhfxjbvdbyfhgvx@gmail.com','SAW YAN NAUNG',NULL,'อรุณ','บรรจุ-สายพาน','เครื่องเดินซองสระดำ',NULL,NULL,NULL,NULL,NULL,NULL,NULL,NULL,NULL,NULL,NULL,0,0,NULL,NULL,0,'offline'::presence_status,'active'::user_status,NULL,NULL,true,NULL,NULL,NULL,'8-char-no-thai'),
('1522','user'::app_role,'sunthiwas@gmail.com','นันท์นภัส','สันธิวาส','ต่าย','บริหาร','ผู้จัดการฝ่ายควบคุม/ประกันคุณภาพ',NULL,NULL,NULL,NULL,NULL,NULL,NULL,NULL,NULL,NULL,NULL,0,0,NULL,NULL,0,'offline'::presence_status,'active'::user_status,NULL,NULL,true,NULL,NULL,NULL,'8-char-no-thai'),
('1534','user'::app_role,'yuy.supakan@gmail.com','สุภกานต์','พรมชาติ','ยุ้ย','Safety','เจ้าหน้าที่รักษาความปลอดภัย',NULL,NULL,NULL,NULL,NULL,NULL,NULL,NULL,NULL,NULL,NULL,0,0,NULL,NULL,0,'offline'::presence_status,'active'::user_status,NULL,NULL,true,NULL,NULL,NULL,'8-char-no-thai'),
('1556','user'::app_role,'tanakirm356@gmail.com','นพดารา','ซันซี','เด๊ะ','บรรจุ-สายพาน','พนักงานติดฉลากและบรรจุหีบห่อ 13',NULL,NULL,NULL,NULL,NULL,NULL,NULL,NULL,NULL,NULL,NULL,0,0,NULL,NULL,0,'offline'::presence_status,'active'::user_status,NULL,NULL,true,NULL,NULL,NULL,'8-char-no-thai'),
('1562','user'::app_role,'bpuckpoo@gmail.com','บุษกร','พักโพธิ์','หนู','บัญชีการเงิน','เจ้าหน้าที่บัญชี/การเงิน(เจ้าหนี้การค้า)',NULL,NULL,NULL,NULL,NULL,NULL,NULL,NULL,NULL,NULL,NULL,0,0,NULL,NULL,0,'offline'::presence_status,'active'::user_status,NULL,NULL,true,NULL,NULL,NULL,'8-char-no-thai'),
('1567','user'::app_role,'stamp.w1995@gmail.com','พจนีย์','คำแก้ว','ก้อย','บรรจุ-สายพาน','ห้องบรรจุสินค้า 9',NULL,NULL,NULL,NULL,NULL,NULL,NULL,NULL,NULL,NULL,NULL,0,0,NULL,NULL,0,'offline'::presence_status,'active'::user_status,NULL,NULL,true,NULL,NULL,NULL,'8-char-no-thai'),
('1605','user'::app_role,'mng_pd@carebeau-enjoy.com','วัชรพงษ์','มาลาทิพย์','บอล','บริหาร','ผู้จัดการโรงงาน',NULL,NULL,NULL,NULL,NULL,NULL,NULL,NULL,NULL,NULL,NULL,0,0,NULL,NULL,0,'offline'::presence_status,'active'::user_status,NULL,NULL,true,NULL,NULL,NULL,'8-char-no-thai'),
('1658','user'::app_role,'phumaurainaret@gmail.com','นเรศ','พุ่มอุไร','เก่ง','ขาย','พนักงานขาย',NULL,NULL,NULL,NULL,NULL,NULL,NULL,NULL,NULL,NULL,NULL,0,0,NULL,NULL,0,'offline'::presence_status,'active'::user_status,NULL,NULL,true,NULL,NULL,NULL,'8-char-no-thai'),
('1669','user'::app_role,'wichian31946@gmail.com','วิเชียร','แสงแก้ว','เชียร','บรรจุ-สายพาน','พนักงานติดฉลากและบรรจุหีบห่อ 6',NULL,NULL,NULL,NULL,NULL,NULL,NULL,NULL,NULL,NULL,NULL,0,0,NULL,NULL,0,'offline'::presence_status,'active'::user_status,NULL,NULL,true,NULL,NULL,NULL,'8-char-no-thai'),
('1689','user'::app_role,'prasertnualchom19@gmail.com','ประเสริฐ','นวลโฉม','อี๊ด','ขาย','พนักงานขาย',NULL,NULL,NULL,NULL,NULL,NULL,NULL,NULL,NULL,NULL,NULL,0,0,NULL,NULL,0,'offline'::presence_status,'active'::user_status,NULL,NULL,true,NULL,NULL,NULL,'8-char-no-thai'),
('1740','user'::app_role,'chmphunuchshphl@gmail.com','ชมพูนุช','สหพล','นุช (เปลว)','บัญชีการเงิน','เจ้าหน้าที่บัญชี/การเงิน(เจ้าหนี้เงินรางวัล)',NULL,NULL,NULL,NULL,NULL,NULL,NULL,NULL,NULL,NULL,NULL,0,0,NULL,NULL,0,'offline'::presence_status,'active'::user_status,NULL,NULL,true,NULL,NULL,NULL,'8-char-no-thai'),
('179','user'::app_role,'daruneewangdee141125@gmail.com','ดารุณี','หวังดี','หนู','บัญชีลูกหนี้','ผู้ช่วยผู้จัดการฝ่ายบัญชีลูกหนี้',NULL,NULL,NULL,NULL,NULL,NULL,NULL,NULL,NULL,NULL,NULL,0,0,NULL,NULL,0,'offline'::presence_status,'active'::user_status,NULL,NULL,true,NULL,NULL,NULL,'8-char-no-thai'),
('1821','user'::app_role,'thanaphon30112511@gmail.com','ธนาพร','เดือนวรรณา','กานต์','ซ่อมบำรุงรักษา','เจ้าหน้าที่แผนกช่างไฟฟ้าและอิเล็คทรอนิคส์',NULL,NULL,NULL,NULL,NULL,NULL,NULL,NULL,NULL,NULL,NULL,0,0,NULL,NULL,0,'offline'::presence_status,'active'::user_status,NULL,NULL,true,NULL,NULL,NULL,'8-char-no-thai'),
('1822','user'::app_role,'kalratnkardeiyw@gmail.com','มาลี','สกุณาลัย','โนรี','บรรจุ-สายพาน','พนักงานเสริฟบรรจุภัณฑ์',NULL,NULL,NULL,NULL,NULL,NULL,NULL,NULL,NULL,NULL,NULL,0,0,NULL,NULL,0,'offline'::presence_status,'active'::user_status,NULL,NULL,true,NULL,NULL,NULL,'8-char-no-thai'),
('1826','user'::app_role,NULL,'สายพิณ','เพ็ชร์อินทร์','จอย','บุคคล','เจ้าหน้าที่ทำความสะอาด',NULL,NULL,NULL,NULL,NULL,NULL,NULL,NULL,NULL,NULL,NULL,0,0,NULL,NULL,0,'offline'::presence_status,'active'::user_status,NULL,NULL,true,NULL,NULL,NULL,'8-char-no-thai'),
('1835','user'::app_role,'Kanyanat1027@gmail.com','นิภาพร','ทนันชัย','น้ำ','คลังบรรจุภัณฑ์','เจ้าหน้าที่คีย์ตัดสต็อก',NULL,NULL,NULL,NULL,NULL,NULL,NULL,NULL,NULL,NULL,NULL,0,0,NULL,NULL,0,'offline'::presence_status,'active'::user_status,NULL,NULL,true,NULL,NULL,NULL,'8-char-no-thai'),
('1849','user'::app_role,'zaw953094@gmail.com','MAUNG THAUNG',NULL,'สอง','บรรจุ-สายพาน','เครื่องเดินซองสระดำ',NULL,NULL,NULL,NULL,NULL,NULL,NULL,NULL,NULL,NULL,NULL,0,0,NULL,NULL,0,'offline'::presence_status,'active'::user_status,NULL,NULL,true,NULL,NULL,NULL,'8-char-no-thai'),
('1853','user'::app_role,'malai1974@gmail.com','มาลัย','อับดุลเลาะ','ตุ๊ก','บรรจุ-สายพาน','พนักงานติดฉลากและบรรจุหีบห่อ 13',NULL,NULL,NULL,NULL,NULL,NULL,NULL,NULL,NULL,NULL,NULL,0,0,NULL,NULL,0,'offline'::presence_status,'active'::user_status,NULL,NULL,true,NULL,NULL,NULL,'8-char-no-thai'),
('1867','user'::app_role,'gambed04@gmail.com','ธเนศพล','นิลยนาค','เน','ขาย','พนักงานขาย',NULL,NULL,NULL,NULL,NULL,NULL,NULL,NULL,NULL,NULL,NULL,0,0,NULL,NULL,0,'offline'::presence_status,'active'::user_status,NULL,NULL,true,NULL,NULL,NULL,'8-char-no-thai'),
('1882','user'::app_role,'chaiychat.jam29@gmail.com','ชัยเชษฐ์','จำเรียน','รุ่ง','ผสมเคมี','เจ้าหน้าที่ดูแลหม้อผสม',NULL,NULL,NULL,NULL,NULL,NULL,NULL,NULL,NULL,NULL,NULL,0,0,NULL,NULL,0,'offline'::presence_status,'active'::user_status,NULL,NULL,true,NULL,NULL,NULL,'8-char-no-thai'),
('1891','user'::app_role,'wanwisahabseaah@gmail.com','วันวิสา','ฮับเซาะห์','เป้','คลังสินค้าสำเร็จรูป','ส่วนงานห้องเคลียร์สินค้ารับคืนสินค้า',NULL,NULL,NULL,NULL,NULL,NULL,NULL,NULL,NULL,NULL,NULL,0,0,NULL,NULL,0,'offline'::presence_status,'active'::user_status,NULL,NULL,true,NULL,NULL,NULL,'8-char-no-thai'),
('1926','user'::app_role,'pencill304@gmail.com','กาญจนา','ราชภูมิ','นุ้ย','ควบคุมคุณภาพ','พนักงานอวุโส QCP',NULL,NULL,NULL,NULL,NULL,NULL,NULL,NULL,NULL,NULL,NULL,0,0,NULL,NULL,0,'offline'::presence_status,'active'::user_status,NULL,NULL,true,NULL,NULL,NULL,'8-char-no-thai'),
('1932','user'::app_role,'wannee11406@gmail.com','วรรณี','เปรมประสงค์','นี','บุคคล','หัวหน้าเจ้าหน้าที่ทำความสะอาด',NULL,NULL,NULL,NULL,NULL,NULL,NULL,NULL,NULL,NULL,NULL,0,0,NULL,NULL,0,'offline'::presence_status,'active'::user_status,NULL,NULL,true,NULL,NULL,NULL,'8-char-no-thai'),
('1943','user'::app_role,NULL,'NAN THU ZAR MOE',NULL,'หนิง','บุคคล','เจ้าหน้าที่ทำความสะอาด',NULL,NULL,NULL,NULL,NULL,NULL,NULL,NULL,NULL,NULL,NULL,0,0,NULL,NULL,0,'offline'::presence_status,'active'::user_status,NULL,NULL,true,NULL,NULL,NULL,'8-char-no-thai'),
('1947','user'::app_role,'nanmingalarsansan2@gmail.com','NAN MINGALAR SAN SAN',NULL,'ซอซอ','บรรจุ-สายพาน','ห้องบรรจุสินค้า 1',NULL,NULL,NULL,NULL,NULL,NULL,NULL,NULL,NULL,NULL,NULL,0,0,NULL,NULL,0,'offline'::presence_status,'active'::user_status,NULL,NULL,true,NULL,NULL,NULL,'8-char-no-thai'),
('1985','user'::app_role,'mbay03064@gmail.com','ชุติมา','บุญร่วง','ปู','บรรจุ-สายพาน','หัวหน้าสายพาน',NULL,NULL,NULL,NULL,NULL,NULL,NULL,NULL,NULL,NULL,NULL,0,0,NULL,NULL,0,'offline'::presence_status,'active'::user_status,NULL,NULL,true,NULL,NULL,NULL,'8-char-no-thai'),
('1989','user'::app_role,'panupong_30@icloud.com','ภาณุพงศ์','จันทร์งาม','เจเจ','ส่งเสริมการขาย','หน่วยกิจกรรม',NULL,NULL,NULL,NULL,NULL,NULL,NULL,NULL,NULL,NULL,NULL,0,0,NULL,NULL,0,'offline'::presence_status,'active'::user_status,NULL,NULL,true,NULL,NULL,NULL,'8-char-no-thai'),
('1991','user'::app_role,'mom252758@gmail.com','ธวัชชัย','เชิงน้ำ','มอม','ส่งเสริมการขาย','พนักงานขับรถ',NULL,NULL,NULL,NULL,NULL,NULL,NULL,NULL,NULL,NULL,NULL,0,0,NULL,NULL,0,'offline'::presence_status,'active'::user_status,NULL,NULL,true,NULL,NULL,NULL,'8-char-no-thai'),
('2001','user'::app_role,'ellesin3@gmail.com','บังอร','นุ่มนวล','หลิน','วิจัยและพัฒนา','เจ้าหน้าที่ออกแบบผลิตภัณฑ์',NULL,NULL,NULL,NULL,NULL,NULL,NULL,NULL,NULL,NULL,NULL,0,0,NULL,NULL,0,'offline'::presence_status,'active'::user_status,NULL,NULL,true,NULL,NULL,NULL,'8-char-no-thai'),
('2008','user'::app_role,'weaw0909958344@gmail.com','แวว','ชื่นอารมณ์','แวว','บรรจุ-สายพาน','พนักงานติดฉลากและบรรจุหีบห่อ 11',NULL,NULL,NULL,NULL,NULL,NULL,NULL,NULL,NULL,NULL,NULL,0,0,NULL,NULL,0,'offline'::presence_status,'active'::user_status,NULL,NULL,true,NULL,NULL,NULL,'8-char-no-thai'),
('202','user'::app_role,'rapeepornka975@gmail.com','รพีพร','กาประทุม','นะฮ์','บริหาร','ผู้จัดการฝ่ายทรัพยากรบุคคล',NULL,NULL,NULL,NULL,NULL,NULL,NULL,NULL,NULL,NULL,NULL,0,0,NULL,NULL,0,'offline'::presence_status,'active'::user_status,NULL,NULL,true,NULL,NULL,NULL,'8-char-no-thai'),
('2048','user'::app_role,'pornpimon06822@gmail.com','พรพิมล','ชมมณฑา','ปุ๋ย','ฝ่ายวิจัยและพัฒนา','พนักงาน RDP',NULL,NULL,NULL,NULL,NULL,NULL,NULL,NULL,NULL,NULL,NULL,0,0,NULL,NULL,0,'offline'::presence_status,'active'::user_status,NULL,NULL,true,NULL,NULL,NULL,'8-char-no-thai'),
('2051','user'::app_role,'sathit.pengtam@gmail.com','สาธิต','เพ็งธรรม','โบ้','ควบคุมคุณภาพ','หัวหน้าห้องปฏิบัติการ',NULL,NULL,NULL,NULL,NULL,NULL,NULL,NULL,NULL,NULL,NULL,0,0,NULL,NULL,0,'offline'::presence_status,'active'::user_status,NULL,NULL,true,NULL,NULL,NULL,'8-char-no-thai'),
('2081','user'::app_role,'abpreeya@gmail.com','อัจฉรียา','สันเต','เหมียว','ควบคุมคุณภาพ','พนักงาน QA',NULL,NULL,NULL,NULL,NULL,NULL,NULL,NULL,NULL,NULL,NULL,0,0,NULL,NULL,0,'offline'::presence_status,'active'::user_status,NULL,NULL,true,NULL,NULL,NULL,'8-char-no-thai'),
('2092','user'::app_role,'cuppylovelove@gmail.com','สุรินี','สนธิ','เมย์','ส่งเสริมการขาย','พนักงานขับรถ',NULL,NULL,NULL,NULL,NULL,NULL,NULL,NULL,NULL,NULL,NULL,0,0,NULL,NULL,0,'offline'::presence_status,'active'::user_status,NULL,NULL,true,NULL,NULL,NULL,'8-char-no-thai'),
('2095','user'::app_role,'jang220963@gmail.com','ปรารถนา','โยธานันต์','จุ๊บแจง','ควบคุมคุณภาพ','พนักงานอวุโส QCB(Senior QCB)',NULL,NULL,NULL,NULL,NULL,NULL,NULL,NULL,NULL,NULL,NULL,0,0,NULL,NULL,0,'offline'::presence_status,'active'::user_status,NULL,NULL,true,NULL,NULL,NULL,'8-char-no-thai'),
('2096','user'::app_role,'womaisaroh.k14@gmail.com','วรนุช','หรุ่มวิสัย','นุช','เจ้าหน้าที่ประสานงาน','เจ้าหน้าที่ประสานงานลูกค้า (OEM)',NULL,NULL,NULL,NULL,NULL,NULL,NULL,NULL,NULL,NULL,NULL,0,0,NULL,NULL,0,'offline'::presence_status,'active'::user_status,NULL,NULL,true,NULL,NULL,NULL,'8-char-no-thai'),
('2103','user'::app_role,'saifon20092521@gmail.com','สายฝน','พักโพธิ์','ฝน','บรรจุ-สายพาน','พนักงานติดฉลากและบรรจุหีบห่อ 7',NULL,NULL,NULL,NULL,NULL,NULL,NULL,NULL,NULL,NULL,NULL,0,0,NULL,NULL,0,'offline'::presence_status,'active'::user_status,NULL,NULL,true,NULL,NULL,NULL,'8-char-no-thai'),
('212','user'::app_role,'junsudama@gmail.com','จันทร์สุดา','สิงห์งาม','มา','บรรจุ-สายพาน','จัดส่งฝ่ายผลิต',NULL,NULL,NULL,NULL,NULL,NULL,NULL,NULL,NULL,NULL,NULL,0,0,NULL,NULL,0,'offline'::presence_status,'active'::user_status,NULL,NULL,true,NULL,NULL,NULL,'8-char-no-thai'),
('2134','user'::app_role,'nalumonfah31@gmail.com','นฤมล','สุรพัฒ','ฟ้า','ควบคุมคุณภาพ','พนักงาน QC Line',NULL,NULL,NULL,NULL,NULL,NULL,NULL,NULL,NULL,NULL,NULL,0,0,NULL,NULL,0,'offline'::presence_status,'active'::user_status,NULL,NULL,true,NULL,NULL,NULL,'8-char-no-thai'),
('2135','user'::app_role,'piyada.nabang@gmail.com','ปิยะดา','ณ บางช้าง','พลอย','Logistics','เจ้าหน้าที่รับออร์เดอร์',NULL,NULL,NULL,NULL,NULL,NULL,NULL,NULL,NULL,NULL,NULL,0,0,NULL,NULL,0,'offline'::presence_status,'active'::user_status,NULL,NULL,true,NULL,NULL,NULL,'8-char-no-thai'),
('2140','user'::app_role,'beeing_jj@windowslive.com','รุ่งทิวา','ม่วงเปลี่ยน','บี','ควบคุมคุณภาพ','พนักงาน QA',NULL,NULL,NULL,NULL,NULL,NULL,NULL,NULL,NULL,NULL,NULL,0,0,NULL,NULL,0,'offline'::presence_status,'active'::user_status,NULL,NULL,true,NULL,NULL,NULL,'8-char-no-thai'),
('2229','user'::app_role,'yunge8604@gmail.com','YIN MYINT',NULL,'อิอิมิ๊','บรรจุ-สายพาน','พนักงานติดฉลากและบรรจุหีบห่อ 5',NULL,NULL,NULL,NULL,NULL,NULL,NULL,NULL,NULL,NULL,NULL,0,0,NULL,NULL,0,'offline'::presence_status,'active'::user_status,NULL,NULL,true,NULL,NULL,NULL,'8-char-no-thai'),
('2230','user'::app_role,'yunge8604@gmail.com','YU NGE',NULL,'ยุพ','บรรจุ-สายพาน','พนักงานทำกล่อง',NULL,NULL,NULL,NULL,NULL,NULL,NULL,NULL,NULL,NULL,NULL,0,0,NULL,NULL,0,'offline'::presence_status,'active'::user_status,NULL,NULL,true,NULL,NULL,NULL,'8-char-no-thai'),
('2255','user'::app_role,'yunge8604@gmail.com','THAN WIN',NULL,'เวน -','บรรจุ-สายพาน','พนักงานติดฉลากและบรรจุหีบห่อ 5',NULL,NULL,NULL,NULL,NULL,NULL,NULL,NULL,NULL,NULL,NULL,0,0,NULL,NULL,0,'offline'::presence_status,'active'::user_status,NULL,NULL,true,NULL,NULL,NULL,'8-char-no-thai'),
('2267','user'::app_role,'m64789537@gmail.com','MYO WIN',NULL,'(เจ๊)มิววิน','บรรจุ-สายพาน','ห้องบรรจุสินค้า 2',NULL,NULL,NULL,NULL,NULL,NULL,NULL,NULL,NULL,NULL,NULL,0,0,NULL,NULL,0,'offline'::presence_status,'active'::user_status,NULL,NULL,true,NULL,NULL,NULL,'8-char-no-thai'),
('2272','user'::app_role,'chindar1977@gmail.com','จินดา','ชาวงษ์','ดา','ขาย','พนักงานขาย',NULL,NULL,NULL,NULL,NULL,NULL,NULL,NULL,NULL,NULL,NULL,0,0,NULL,NULL,0,'offline'::presence_status,'active'::user_status,NULL,NULL,true,NULL,NULL,NULL,'8-char-no-thai'),
('2275','user'::app_role,'ipvsry@gmail.com','สรญา','เลาะภูมี','ดา','ฝ่ายวิจัยและพัฒนา','เจ้าหน้าที่ฝ่ายวิจัยและพัฒนา',NULL,NULL,NULL,NULL,NULL,NULL,NULL,NULL,NULL,NULL,NULL,0,0,NULL,NULL,0,'offline'::presence_status,'active'::user_status,NULL,NULL,true,NULL,NULL,NULL,'8-char-no-thai'),
('2300','user'::app_role,'mychatza@gmail.com','พรรณทิภา','หุ่นสุวรรณ','ฉัตร','Logistics','เจ้าหน้าที่รับออร์เดอร์',NULL,NULL,NULL,NULL,NULL,NULL,NULL,NULL,NULL,NULL,NULL,0,0,NULL,NULL,0,'offline'::presence_status,'active'::user_status,NULL,NULL,true,NULL,NULL,NULL,'8-char-no-thai'),
('2339','user'::app_role,'boy11boonsong@gmail.com','บุญส่ง','เอี่ยมสอ้าง','หนุ่ม','บรรจุ-สายพาน','ห้องบรรจุผง',NULL,NULL,NULL,NULL,NULL,NULL,NULL,NULL,NULL,NULL,NULL,0,0,NULL,NULL,0,'offline'::presence_status,'active'::user_status,NULL,NULL,true,NULL,NULL,NULL,'8-char-no-thai'),
('2350','user'::app_role,'mom2518za@gmail.com','อำไพ','จุลเพชร','อึ่ง','บุคคล','เจ้าหน้าที่ทำความสะอาด',NULL,NULL,NULL,NULL,NULL,NULL,NULL,NULL,NULL,NULL,NULL,0,0,NULL,NULL,0,'offline'::presence_status,'active'::user_status,NULL,NULL,true,NULL,NULL,NULL,'8-char-no-thai'),
('2374','user'::app_role,'sasiwimonyuy2731558@gmail.com','ศศิวิมล','สุยะนาง','ยุ้ย','Logistic','เจ้าหน้าที่ Checker สินค้าสำเร็จรูป',NULL,NULL,NULL,NULL,NULL,NULL,NULL,NULL,NULL,NULL,NULL,0,0,NULL,NULL,0,'offline'::presence_status,'active'::user_status,NULL,NULL,true,NULL,NULL,NULL,'8-char-no-thai'),
('2382','user'::app_role,'0861878644p@gmail.com','ไพวรรณ','ยอดจารย์','ไพ','บรรจุ-สายพาน','ห้องบรรจุสินค้า 6',NULL,NULL,NULL,NULL,NULL,NULL,NULL,NULL,NULL,NULL,NULL,0,0,NULL,NULL,0,'offline'::presence_status,'active'::user_status,NULL,NULL,true,NULL,NULL,NULL,'8-char-no-thai'),
('2397','user'::app_role,'nah.wanwang@gmail.com','สุภาพร','วันหวัง','นะห์','จัดซื้อ','หัวหน้าฝ่ายจัดซื้อ',NULL,NULL,NULL,NULL,NULL,NULL,NULL,NULL,NULL,NULL,NULL,0,0,NULL,NULL,0,'offline'::presence_status,'active'::user_status,NULL,NULL,true,NULL,NULL,NULL,'8-char-no-thai'),
('2410','user'::app_role,'poosanisa6942@gmail.com','ภูษนิศา','ภานุทัตต์ชนา','มะห์','ฝ่ายบุคคล','เจ้าหน้าที่ฝ่ายทรัพยากรบุคคล',NULL,NULL,NULL,NULL,NULL,NULL,NULL,NULL,NULL,NULL,NULL,0,0,NULL,NULL,0,'offline'::presence_status,'active'::user_status,NULL,NULL,true,NULL,NULL,NULL,'8-char-no-thai'),
('2428','user'::app_role,'kk2841285@gmail.com','ZAW WIN HTWE',NULL,'ซอ วิน ทุย -','บรรจุ-สายพาน','พนักงานติดฉลากและบรรจุหีบห่อ 6',NULL,NULL,NULL,NULL,NULL,NULL,NULL,NULL,NULL,NULL,NULL,0,0,NULL,NULL,0,'offline'::presence_status,'active'::user_status,NULL,NULL,true,NULL,NULL,NULL,'8-char-no-thai'),
('2445','user'::app_role,'hlasein4647@gmail.com','HLA SEIN',NULL,'หนึ่ง','บุคคล','คนสวน',NULL,NULL,NULL,NULL,NULL,NULL,NULL,NULL,NULL,NULL,NULL,0,0,NULL,NULL,0,'offline'::presence_status,'active'::user_status,NULL,NULL,true,NULL,NULL,NULL,'8-char-no-thai'),
('2468','user'::app_role,'uszinzinzin@gmail.com','THAZIN HTWE',NULL,'ซิน','บรรจุ-สายพาน','พนักงานติดฉลากและบรรจุหีบห่อ 11',NULL,NULL,NULL,NULL,NULL,NULL,NULL,NULL,NULL,NULL,NULL,0,0,NULL,NULL,0,'offline'::presence_status,'active'::user_status,NULL,NULL,true,NULL,NULL,NULL,'8-char-no-thai'),
('2472','user'::app_role,'daruneepunyashep126@gmail.com','ดรุณี','ปัญญาชีพ','ตี','บรรจุ-สายพาน','เครื่องเดินซองสระดำ',NULL,NULL,NULL,NULL,NULL,NULL,NULL,NULL,NULL,NULL,NULL,0,0,NULL,NULL,0,'offline'::presence_status,'active'::user_status,NULL,NULL,true,NULL,NULL,NULL,'8-char-no-thai'),
('2474','user'::app_role,'nongfia90@gmail.com','อาทิตยา','มานมาลิ','โซเฟีย','การตลาด ออนไลน์','เจ้าหน้าที่การตลาดเทรด(ดูแลกิจกรรม)',NULL,NULL,NULL,NULL,NULL,NULL,NULL,NULL,NULL,NULL,NULL,0,0,NULL,NULL,0,'offline'::presence_status,'active'::user_status,NULL,NULL,true,NULL,NULL,NULL,'8-char-no-thai'),
('2487','user'::app_role,'nampumobile.gjre@gmail.com','AYE AYE MON',NULL,'มน','ผสมเคมี','เจ้าหน้าที่ล้างถังเบาท์',NULL,NULL,NULL,NULL,NULL,NULL,NULL,NULL,NULL,NULL,NULL,0,0,NULL,NULL,0,'offline'::presence_status,'active'::user_status,NULL,NULL,true,NULL,NULL,NULL,'8-char-no-thai'),
('2519','user'::app_role,'piyanutt734@gmail.com','ปิยะนุช','ทัพชัย','ติ๊ก','สำนักงาน','เจ้าหน้าที่ฝ่ายควบคุมเอกสาร',NULL,NULL,NULL,NULL,NULL,NULL,NULL,NULL,NULL,NULL,NULL,0,0,NULL,NULL,0,'offline'::presence_status,'active'::user_status,NULL,NULL,true,NULL,NULL,NULL,'8-char-no-thai'),
('2566','user'::app_role,'0925627539nm@gmail.com','รังสิมา','แสนจำหน่าย','แอม','บรรจุ-สายพาน','พนักงานติดฉลากและบรรจุหีบห่อ 12',NULL,NULL,NULL,NULL,NULL,NULL,NULL,NULL,NULL,NULL,NULL,0,0,NULL,NULL,0,'offline'::presence_status,'active'::user_status,NULL,NULL,true,NULL,NULL,NULL,'8-char-no-thai'),
('259','user'::app_role,'venuswangman@gmail.com','วีนัส','หวังมาน','นัท','จัดซื้อ','เจ้าหน้าที่ฝ่ายจัดซื้อบรรจุภัณฑ์ ( คลัง 1 )',NULL,NULL,NULL,NULL,NULL,NULL,NULL,NULL,NULL,NULL,NULL,0,0,NULL,NULL,0,'offline'::presence_status,'active'::user_status,NULL,NULL,true,NULL,NULL,NULL,'8-char-no-thai'),
('2590','user'::app_role,'chailtawongsa25@gmail.com','ชลิตา','วงศ์ษา','ฮอล์ล','บรรจุ-สายพาน','พนักงานติดฉลากและบรรจุหีบห่อ 12',NULL,NULL,NULL,NULL,NULL,NULL,NULL,NULL,NULL,NULL,NULL,0,0,NULL,NULL,0,'offline'::presence_status,'active'::user_status,NULL,NULL,true,NULL,NULL,NULL,'8-char-no-thai'),
('2591','user'::app_role,'piyadakhumail632@gmail.com','พิยดา','คุ้มฤทธิ์','พลอย','สำนักงาน','พนักงานพิมพ์และจัดเก็บเอกสาร',NULL,NULL,NULL,NULL,NULL,NULL,NULL,NULL,NULL,NULL,NULL,0,0,NULL,NULL,0,'offline'::presence_status,'active'::user_status,NULL,NULL,true,NULL,NULL,NULL,'8-char-no-thai'),
('2595','user'::app_role,'iphone56402@gmail.com','เอกมงคงชัย','เริ่มรู้','เอก','การตลาด ออนไลน์','เจ้าหน้าที่การตลาด ออนไลน์',NULL,NULL,NULL,NULL,NULL,NULL,NULL,NULL,NULL,NULL,NULL,0,0,NULL,NULL,0,'offline'::presence_status,'active'::user_status,NULL,NULL,true,NULL,NULL,NULL,'8-char-no-thai'),
('2597','user'::app_role,'nusbaphaeceriy@gmail.com','นุสบา','แพรเจริญ','อัสมา','บรรจุ-สายพาน','พนักงานติดฉลากและบรรจุหีบห่อ 13',NULL,NULL,NULL,NULL,NULL,NULL,NULL,NULL,NULL,NULL,NULL,0,0,NULL,NULL,0,'offline'::presence_status,'active'::user_status,NULL,NULL,true,NULL,NULL,NULL,'8-char-no-thai'),
('2607','user'::app_role,'tt.tecno2021@gmail.com','คนึงนุช','คำสุข','นุช','ผสมเคมี','หม้อผสมครีมย้อม(สบู่)',NULL,NULL,NULL,NULL,NULL,NULL,NULL,NULL,NULL,NULL,NULL,0,0,NULL,NULL,0,'offline'::presence_status,'active'::user_status,NULL,NULL,true,NULL,NULL,NULL,'8-char-no-thai'),
('2626','user'::app_role,'bassboza14@gmail.com','ชลนที','บัวลา','โบ','ซ่อมบำรุงรักษา','ช่างซ่อมบำรุง(ช่างกลโรงงาน)',NULL,NULL,NULL,NULL,NULL,NULL,NULL,NULL,NULL,NULL,NULL,0,0,NULL,NULL,0,'offline'::presence_status,'active'::user_status,NULL,NULL,true,NULL,NULL,NULL,'8-char-no-thai'),
('2642','user'::app_role,'suparin.moma@gmail.com','ศุภารินทร์','โมมา','เฟิร์น','ควบคุมคุณภาพ','พนักงาน QCM',NULL,NULL,NULL,NULL,NULL,NULL,NULL,NULL,NULL,NULL,NULL,0,0,NULL,NULL,0,'offline'::presence_status,'active'::user_status,NULL,NULL,true,NULL,NULL,NULL,'8-char-no-thai'),
('2663','user'::app_role,'panpailin1999@gmail.com','ปานไพลิน','โซ๊ะมะ','เด๊าะ','บรรจุ-สายพาน','หัวหน้าห้องซอง/สระดำ',NULL,NULL,NULL,NULL,NULL,NULL,NULL,NULL,NULL,NULL,NULL,0,0,NULL,NULL,0,'offline'::presence_status,'active'::user_status,NULL,NULL,true,NULL,NULL,NULL,'8-char-no-thai'),
('2664','user'::app_role,NULL,'THEIN ZAW',NULL,'ซอ','Logistic','เจ้าหน้าที่จัดส่งสินค้าเขตกรุงเทพ',NULL,NULL,NULL,NULL,NULL,NULL,NULL,NULL,NULL,NULL,NULL,0,0,NULL,NULL,0,'offline'::presence_status,'active'::user_status,NULL,NULL,true,NULL,NULL,NULL,'8-char-no-thai'),
('2665','user'::app_role,'heinmina870@gmail.com','HEIN MIN AUNG',NULL,'เอา','Logistic','เจ้าหน้าที่ยกสินค้าสำเร็จรูปจัดส่ง',NULL,NULL,NULL,NULL,NULL,NULL,NULL,NULL,NULL,NULL,NULL,0,0,NULL,NULL,0,'offline'::presence_status,'active'::user_status,NULL,NULL,true,NULL,NULL,NULL,'8-char-no-thai'),
('2669','user'::app_role,'wngkhthiydirek@gmail.com','ดิเรก','วงค์ไทย','วิน','ซ่อมบำรุงรักษา','ผู้ปฏิบัติงานประจำระบบบำบัดน้ำเสีย',NULL,NULL,NULL,NULL,NULL,NULL,NULL,NULL,NULL,NULL,NULL,0,0,NULL,NULL,0,'offline'::presence_status,'active'::user_status,NULL,NULL,true,NULL,NULL,NULL,'8-char-no-thai'),
('2706','user'::app_role,'ogogg536@gmail.com','THAN THAN OO',NULL,'ตัน ตัน อู','บรรจุ-สายพาน','ห้องบรรจุสินค้า 6',NULL,NULL,NULL,NULL,NULL,NULL,NULL,NULL,NULL,NULL,NULL,0,0,NULL,NULL,0,'offline'::presence_status,'active'::user_status,NULL,NULL,true,NULL,NULL,NULL,'8-char-no-thai'),
('2709','user'::app_role,'kt8601840@gmail.com','TUN TUN',NULL,'ทุน ทุน','บรรจุ-สายพาน','พนักงานติดฉลากและบรรจุหีบห่อ 1',NULL,NULL,NULL,NULL,NULL,NULL,NULL,NULL,NULL,NULL,NULL,0,0,NULL,NULL,0,'offline'::presence_status,'active'::user_status,NULL,NULL,true,NULL,NULL,NULL,'8-char-no-thai'),
('2712','user'::app_role,'zin765329@gmail.com','THAN THAN WAI',NULL,'ตัน ตัน ไว','บรรจุ-สายพาน','พนักงานติดฉลากและบรรจุหีบห่อ 5',NULL,NULL,NULL,NULL,NULL,NULL,NULL,NULL,NULL,NULL,NULL,0,0,NULL,NULL,0,'offline'::presence_status,'active'::user_status,NULL,NULL,true,NULL,NULL,NULL,'8-char-no-thai'),
('2713','user'::app_role,'htayhtayhlaing854@gmail.com','HTAY HTAY HLAING',NULL,'เท เท หล่าย','บรรจุ-สายพาน','ห้องบรรจุสินค้า 5',NULL,NULL,NULL,NULL,NULL,NULL,NULL,NULL,NULL,NULL,NULL,0,0,NULL,NULL,0,'offline'::presence_status,'active'::user_status,NULL,NULL,true,NULL,NULL,NULL,'8-char-no-thai'),
('2715','user'::app_role,'khingthinnwe6@gmail.com','AUNG HTET WIN',NULL,'อ่อง เท็ค วิน','บรรจุ-สายพาน','พนักงานถอดถุง',NULL,NULL,NULL,NULL,NULL,NULL,NULL,NULL,NULL,NULL,NULL,0,0,NULL,NULL,0,'offline'::presence_status,'active'::user_status,NULL,NULL,true,NULL,NULL,NULL,'8-char-no-thai'),
('2717','user'::app_role,'zmyo9260@gmail.com','MYO ZAW',NULL,'โม โซ','Logistic','เจ้าหน้าที่ยกสินค้าสำเร็จรูปจัดส่ง',NULL,NULL,NULL,NULL,NULL,NULL,NULL,NULL,NULL,NULL,NULL,0,0,NULL,NULL,0,'offline'::presence_status,'active'::user_status,NULL,NULL,true,NULL,NULL,NULL,'8-char-no-thai'),
('2723','user'::app_role,'z78125476@gmail.com','ZAW KO OO',NULL,'ซอ โก อู','บรรจุ-สายพาน','เครื่องเดินซองสระดำ',NULL,NULL,NULL,NULL,NULL,NULL,NULL,NULL,NULL,NULL,NULL,0,0,NULL,NULL,0,'offline'::presence_status,'active'::user_status,NULL,NULL,true,NULL,NULL,NULL,'8-char-no-thai'),
('2726','user'::app_role,'htaya9930@gmail.com','HTAY AUNG',NULL,'เท อ่อง','บรรจุ-สายพาน','พนักงานติดฉลากและบรรจุหีบห่อ 2',NULL,NULL,NULL,NULL,NULL,NULL,NULL,NULL,NULL,NULL,NULL,0,0,NULL,NULL,0,'offline'::presence_status,'active'::user_status,NULL,NULL,true,NULL,NULL,NULL,'8-char-no-thai'),
('2730','user'::app_role,'winlatt1558@gmail.com','WIN LATT',NULL,'วิน เลท','บรรจุ-สายพาน','พนักงานเข็นBULK',NULL,NULL,NULL,NULL,NULL,NULL,NULL,NULL,NULL,NULL,NULL,0,0,NULL,NULL,0,'offline'::presence_status,'active'::user_status,NULL,NULL,true,NULL,NULL,NULL,'8-char-no-thai'),
('2731','user'::app_role,'kshwewar4@gmail.com','KHAING SHWE WAR',NULL,'ข่าย ซ่วย วา','บรรจุ-สายพาน','ห้องบรรจุสินค้า 7',NULL,NULL,NULL,NULL,NULL,NULL,NULL,NULL,NULL,NULL,NULL,0,0,NULL,NULL,0,'offline'::presence_status,'active'::user_status,NULL,NULL,true,NULL,NULL,NULL,'8-char-no-thai'),
('2736','user'::app_role,'khingthinnwe6@gmail.com','KHING THIN NWE',NULL,'ข่าย ทิน ซวย','บรรจุ-สายพาน','พนักงานติดฉลากและบรรจุหีบห่อ 3',NULL,NULL,NULL,NULL,NULL,NULL,NULL,NULL,NULL,NULL,NULL,0,0,NULL,NULL,0,'offline'::presence_status,'active'::user_status,NULL,NULL,true,NULL,NULL,NULL,'8-char-no-thai'),
('2738','user'::app_role,'zmyo9260@gmail.com','TINT TINT TUN',NULL,'ทิด ทิด ทุน (ใหญ่)','ชั่งสาร/คลังวัตถุดิบ','เจ้าหน้าที่จัดเตรียมวัตถุดิบ',NULL,NULL,NULL,NULL,NULL,NULL,NULL,NULL,NULL,NULL,NULL,0,0,NULL,NULL,0,'offline'::presence_status,'active'::user_status,NULL,NULL,true,NULL,NULL,NULL,'8-char-no-thai'),
('2739','user'::app_role,'oohh94106@gmail.com','TINT TINT TUN',NULL,'ทิด ทิด ทุน(เล็ก)','บรรจุ-สายพาน','ห้องบรรจุสินค้า 11',NULL,NULL,NULL,NULL,NULL,NULL,NULL,NULL,NULL,NULL,NULL,0,0,NULL,NULL,0,'offline'::presence_status,'active'::user_status,NULL,NULL,true,NULL,NULL,NULL,'8-char-no-thai'),
('2740','user'::app_role,'moesisi62@gmail.com','SI SI MOE',NULL,'ซิ ซิ โม','บรรจุ-สายพาน','พนักงานติดฉลากและบรรจุหีบห่อ 12',NULL,NULL,NULL,NULL,NULL,NULL,NULL,NULL,NULL,NULL,NULL,0,0,NULL,NULL,0,'offline'::presence_status,'active'::user_status,NULL,NULL,true,NULL,NULL,NULL,'8-char-no-thai'),
('2744','user'::app_role,'wwintatt@gmail.com','KHAING KHIN OO',NULL,'ข่าย คิน อู','บรรจุ-สายพาน','ห้องบรรจุสินค้า 12',NULL,NULL,NULL,NULL,NULL,NULL,NULL,NULL,NULL,NULL,NULL,0,0,NULL,NULL,0,'offline'::presence_status,'active'::user_status,NULL,NULL,true,NULL,NULL,NULL,'8-char-no-thai'),
('2749','user'::app_role,'wtoe3009@gmail.com','TOE WAI TUN',NULL,'โต ไว ทุน','ผสมเคมี','เจ้าหน้าที่ดูแลหม้อผสม',NULL,NULL,NULL,NULL,NULL,NULL,NULL,NULL,NULL,NULL,NULL,0,0,NULL,NULL,0,'offline'::presence_status,'active'::user_status,NULL,NULL,true,NULL,NULL,NULL,'8-char-no-thai'),
('2753','user'::app_role,'dppuniwes@gmail.com','บุณฑริกา','อินทร์พาเพียร','ใบบัว','ฝ่ายวิจัยและพัฒนา','เจ้าหน้าที่ฝ่ายวิจัยและพัฒนา',NULL,NULL,NULL,NULL,NULL,NULL,NULL,NULL,NULL,NULL,NULL,0,0,NULL,NULL,0,'offline'::presence_status,'active'::user_status,NULL,NULL,true,NULL,NULL,NULL,'8-char-no-thai'),
('2769','user'::app_role,'samai.joijampa2524@gmail.com','สมัย','จ้อยจำปา','ตุ๊ก','ส่งเสริมการขาย','หน่วยกิจกรรม',NULL,NULL,NULL,NULL,NULL,NULL,NULL,NULL,NULL,NULL,NULL,0,0,NULL,NULL,0,'offline'::presence_status,'active'::user_status,NULL,NULL,true,NULL,NULL,NULL,'8-char-no-thai'),
('2824','user'::app_role,'cmee788@gmail.com','CHIT MEE',NULL,'ชิ มิ','บรรจุ-สายพาน','ห้องบรรจุสินค้า 3',NULL,NULL,NULL,NULL,NULL,NULL,NULL,NULL,NULL,NULL,NULL,0,0,NULL,NULL,0,'offline'::presence_status,'active'::user_status,NULL,NULL,true,NULL,NULL,NULL,'8-char-no-thai'),
('2828','user'::app_role,'s39591996@gmail.com','สุวรรณา','ปานนัตถา','แก้ม','บรรจุ-สายพาน','ห้องบรรจุสินค้า 7',NULL,NULL,NULL,NULL,NULL,NULL,NULL,NULL,NULL,NULL,NULL,0,0,NULL,NULL,0,'offline'::presence_status,'active'::user_status,NULL,NULL,true,NULL,NULL,NULL,'8-char-no-thai'),
('2837','user'::app_role,'markjung1059@gmail.com','สุวิมล','กลิ่นคุ้ม','แตง','ชั่งสาร/คลังวัตถุดิบ','เจ้าหน้าที่ชั่งเคมี',NULL,NULL,NULL,NULL,NULL,NULL,NULL,NULL,NULL,NULL,NULL,0,0,NULL,NULL,0,'offline'::presence_status,'active'::user_status,NULL,NULL,true,NULL,NULL,NULL,'8-char-no-thai'),
('2874','user'::app_role,'kweawnoiarisa@gmail.com','อริสา','เขียวน้อย','แนท','บรรจุ-สายพาน','พนักงานติดฉลากและบรรจุหีบห่อ 4',NULL,NULL,NULL,NULL,NULL,NULL,NULL,NULL,NULL,NULL,NULL,0,0,NULL,NULL,0,'offline'::presence_status,'active'::user_status,NULL,NULL,true,NULL,NULL,NULL,'8-char-no-thai'),
('2876','user'::app_role,'jasminyawangwanden@gmail.com','จิรัติกานต์','ย่าวังวันเด่น','จัสมิน','จัดซื้อ','เจ้าหน้าที่ฝ่ายจัดซื้อบรรจุภัณฑ์( คลัง 2 )',NULL,NULL,NULL,NULL,NULL,NULL,NULL,NULL,NULL,NULL,NULL,0,0,NULL,NULL,0,'offline'::presence_status,'active'::user_status,NULL,NULL,true,NULL,NULL,NULL,'8-char-no-thai'),
('2897','user'::app_role,'manop.040397@gmail.com','มานพ','สอนพลงาม','ลิฟ','ชั่งสาร/คลังวัตถุดิบ','หัวหน้าชั่งสารและคลังวัตถุดิบ',NULL,NULL,NULL,NULL,NULL,NULL,NULL,NULL,NULL,NULL,NULL,0,0,NULL,NULL,0,'offline'::presence_status,'active'::user_status,NULL,NULL,true,NULL,NULL,NULL,'8-char-no-thai'),
('2917','user'::app_role,'supsttra38@gmail.com','สุพัตรา','ทองเขียว','เบียร์','ส่งเสริมการขาย','หน่วยกิจกรรม',NULL,NULL,NULL,NULL,NULL,NULL,NULL,NULL,NULL,NULL,NULL,0,0,NULL,NULL,0,'offline'::presence_status,'active'::user_status,NULL,NULL,true,NULL,NULL,NULL,'8-char-no-thai'),
('2936','user'::app_role,'jakkaphan.jindarug@gmail.com','จักรพันธ์','จินดารักษ์','บอย','ส่งออก','ผู้จัดการฝ่ายขายต่างประเทศ',NULL,NULL,NULL,NULL,NULL,NULL,NULL,NULL,NULL,NULL,NULL,0,0,NULL,NULL,0,'offline'::presence_status,'active'::user_status,NULL,NULL,true,NULL,NULL,NULL,'8-char-no-thai'),
('2942','user'::app_role,'pisit.chi@northbkk.ac.th','พิสิทธิ์','เจียมสง่า','มอส','ซ่อมบำรุงรักษา','ช่างไฟฟ้าและอิเล็คทรอนิคส์',NULL,NULL,NULL,NULL,NULL,NULL,NULL,NULL,NULL,NULL,NULL,0,0,NULL,NULL,0,'offline'::presence_status,'active'::user_status,NULL,NULL,true,NULL,NULL,NULL,'8-char-no-thai'),
('2961','user'::app_role,'beb203731@gmail.com','HNIN HNIN HLAING',NULL,'นิน นิน ลาย','บรรจุ-สายพาน','พนักงานติดฉลากและบรรจุหีบห่อ 6',NULL,NULL,NULL,NULL,NULL,NULL,NULL,NULL,NULL,NULL,NULL,0,0,NULL,NULL,0,'offline'::presence_status,'active'::user_status,NULL,NULL,true,NULL,NULL,NULL,'8-char-no-thai'),
('2969','user'::app_role,'aung.tuya089@gmail.com','AUNG THU YA',NULL,'อ่อง ตู ยา','ผสมเคมี','เจ้าหน้าที่ดูแลหม้อผสม',NULL,NULL,NULL,NULL,NULL,NULL,NULL,NULL,NULL,NULL,NULL,0,0,NULL,NULL,0,'offline'::presence_status,'active'::user_status,NULL,NULL,true,NULL,NULL,NULL,'8-char-no-thai'),
('2970','user'::app_role,'ksoe22776@gmail.com','KYAW SOE WIN',NULL,'วิน','ผสมเคมี','เจ้าหน้าที่ล้างถังเบาท์',NULL,NULL,NULL,NULL,NULL,NULL,NULL,NULL,NULL,NULL,NULL,0,0,NULL,NULL,0,'offline'::presence_status,'active'::user_status,NULL,NULL,true,NULL,NULL,NULL,'8-char-no-thai'),
('2975','user'::app_role,'saraneve.2605@gmail.com','สรัลพร','ประยูร','อีฟ','เจ้าหน้าที่ประสานงานผลิต','ผู้ช่วยเจ้าหน้าที่ประสานงานลูกค้า OEM',NULL,NULL,NULL,NULL,NULL,NULL,NULL,NULL,NULL,NULL,NULL,0,0,NULL,NULL,0,'offline'::presence_status,'active'::user_status,NULL,NULL,true,NULL,NULL,NULL,'8-char-no-thai'),
('2979','user'::app_role,'popza5555519@gmail.com','วันชนะ','ปิ่นมุข','ป๊อป','ผสมเคมี','เจ้าหน้าที่ดูแลหม้อผสม',NULL,NULL,NULL,NULL,NULL,NULL,NULL,NULL,NULL,NULL,NULL,0,0,NULL,NULL,0,'offline'::presence_status,'active'::user_status,NULL,NULL,true,NULL,NULL,NULL,'8-char-no-thai'),
('2986','user'::app_role,'moet19026@gmail.com','MOE THU',NULL,'โม ตุ','ผสมเคมี','เจ้าหน้าที่ดูแลหม้อผสม',NULL,NULL,NULL,NULL,NULL,NULL,NULL,NULL,NULL,NULL,NULL,0,0,NULL,NULL,0,'offline'::presence_status,'active'::user_status,NULL,NULL,true,NULL,NULL,NULL,'8-char-no-thai'),
('2991','user'::app_role,'songphon.bra@gmail.com','ทรงพล','จุลรัตน์','พล','ขาย','พนักงานขาย',NULL,NULL,NULL,NULL,NULL,NULL,NULL,NULL,NULL,NULL,NULL,0,0,NULL,NULL,0,'offline'::presence_status,'active'::user_status,NULL,NULL,true,NULL,NULL,NULL,'8-char-no-thai'),
('2999','user'::app_role,'chaichanamongkhon@hotmail.com','ชัยชนะมงคล','วิเศษ','โจ้','ส่งเสริมการขาย','พนักงานขับรถ',NULL,NULL,NULL,NULL,NULL,NULL,NULL,NULL,NULL,NULL,NULL,0,0,NULL,NULL,0,'offline'::presence_status,'active'::user_status,NULL,NULL,true,NULL,NULL,NULL,'8-char-no-thai'),
('3003','user'::app_role,'nittayamuna7284@gmail.com','นิตยา','บุญมาเลิศ','นา','Logistics','เจ้าหน้าที่รับออร์เดอร์',NULL,NULL,NULL,NULL,NULL,NULL,NULL,NULL,NULL,NULL,NULL,0,0,NULL,NULL,0,'offline'::presence_status,'active'::user_status,NULL,NULL,true,NULL,NULL,NULL,'8-char-no-thai'),
('3018','user'::app_role,'tongza7823@gmail.com','บุณณดา','จำคำสอน','ดาว','Safety','เจ้าหน้าที่รักษาความปลอดภัย',NULL,NULL,NULL,NULL,NULL,NULL,NULL,NULL,NULL,NULL,NULL,0,0,NULL,NULL,0,'offline'::presence_status,'active'::user_status,NULL,NULL,true,NULL,NULL,NULL,'8-char-no-thai'),
('3021','user'::app_role,'mindalicha2110@gmail.com','อลิชา','ศรีจันทร์','มาย','Logistics','เจ้าหน้าที่รับออร์เดอร์',NULL,NULL,NULL,NULL,NULL,NULL,NULL,NULL,NULL,NULL,NULL,0,0,NULL,NULL,0,'offline'::presence_status,'active'::user_status,NULL,NULL,true,NULL,NULL,NULL,'8-char-no-thai'),
('3039','user'::app_role,'poowadon230563@gmail.com','ภูวดล','อิ่มเจริญ','เฮด','คลังสินค้าสำเร็จรูป','ส่วนงานขับรถรับสินค้าเข้าคลังและจัดเก็บ',NULL,NULL,NULL,NULL,NULL,NULL,NULL,NULL,NULL,NULL,NULL,0,0,NULL,NULL,0,'offline'::presence_status,'active'::user_status,NULL,NULL,true,NULL,NULL,NULL,'8-char-no-thai'),
('3041','user'::app_role,'jitimon.g@gmail.com','จิติมนต์','กลับพงศ์','มน','บริหาร','ผู้ช่วยตัวแทนฝ่ายบริหาร',NULL,NULL,NULL,NULL,NULL,NULL,NULL,NULL,NULL,NULL,NULL,0,0,NULL,NULL,0,'offline'::presence_status,'active'::user_status,NULL,NULL,true,NULL,NULL,NULL,'8-char-no-thai'),
('3043','user'::app_role,'ttarn0000@gmail.com','ตรีภัทร','คำแก้ว','ลูกตาล','บรรจุ-สายพาน','ห้องเทสเตอร์',NULL,NULL,NULL,NULL,NULL,NULL,NULL,NULL,NULL,NULL,NULL,0,0,NULL,NULL,0,'offline'::presence_status,'active'::user_status,NULL,NULL,true,NULL,NULL,NULL,'8-char-no-thai'),
('3044','user'::app_role,'kitinantohso@gmail.com','กิตินันท์','ลิเซ็น','เล็ม','บัญชีลูกหนี้','เจ้าหน้าที่บัญชีลูกหนี้ 6',NULL,NULL,NULL,NULL,NULL,NULL,NULL,NULL,NULL,NULL,NULL,0,0,NULL,NULL,0,'offline'::presence_status,'active'::user_status,NULL,NULL,true,NULL,NULL,NULL,'8-char-no-thai'),
('3067','user'::app_role,'wwsskr061257@gmail.com','วันวิสาข์','เอี่ยมอนงค์','ขวัญ','บัญชีลูกหนี้','เจ้าหน้าที่บัญชีลูกหนี้ 3',NULL,NULL,NULL,NULL,NULL,NULL,NULL,NULL,NULL,NULL,NULL,0,0,NULL,NULL,0,'offline'::presence_status,'active'::user_status,NULL,NULL,true,NULL,NULL,NULL,'8-char-no-thai'),
('3102','user'::app_role,'samakaeo2525@gmail.com','ขวัญชัย','สะมาแก้ว','กบ','ผสมเคมี','เจ้าหน้าที่ดูแลหม้อผสม',NULL,NULL,NULL,NULL,NULL,NULL,NULL,NULL,NULL,NULL,NULL,0,0,NULL,NULL,0,'offline'::presence_status,'active'::user_status,NULL,NULL,true,NULL,NULL,NULL,'8-char-no-thai'),
('3111','user'::app_role,'tongchoo4964@gmail.com','ปรีชานนล์','ทองชู','เจ','บริหาร','ผู้บริหารหน่วยงานความปลอดภัย',NULL,NULL,NULL,NULL,NULL,NULL,NULL,NULL,NULL,NULL,NULL,0,0,NULL,NULL,0,'offline'::presence_status,'active'::user_status,NULL,NULL,true,NULL,NULL,NULL,'8-char-no-thai'),
('3112','user'::app_role,'ratti1234567890@gmail.com','รัตติกาล','วงษ์ทองศรี','หญิง','ส่งเสริมการขาย','หน่วยกิจกรรม',NULL,NULL,NULL,NULL,NULL,NULL,NULL,NULL,NULL,NULL,NULL,0,0,NULL,NULL,0,'offline'::presence_status,'active'::user_status,NULL,NULL,true,NULL,NULL,NULL,'8-char-no-thai'),
('3113','user'::app_role,'bxylmtoa@gmail.com','ปัญญา','กลิ่นทอง','บอย','ส่งเสริมการขาย','พนักงานขับรถ',NULL,NULL,NULL,NULL,NULL,NULL,NULL,NULL,NULL,NULL,NULL,0,0,NULL,NULL,0,'offline'::presence_status,'active'::user_status,NULL,NULL,true,NULL,NULL,NULL,'8-char-no-thai'),
('3114','user'::app_role,'bbum9936@gmail.com','ปิยะนุช','ชำนาญการ','บุ๋ม','บัญชีลูกหนี้','เจ้าหน้าที่บัญชีลูกหนี้ 6',NULL,NULL,NULL,NULL,NULL,NULL,NULL,NULL,NULL,NULL,NULL,0,0,NULL,NULL,0,'offline'::presence_status,'active'::user_status,NULL,NULL,true,NULL,NULL,NULL,'8-char-no-thai'),
('3119','user'::app_role,'bowwie2903@gmail.com','ณัฐธิดา','แจ้งแสงทอง','โบว์','Safety','จป.ปฏิบัติการ',NULL,NULL,NULL,NULL,NULL,NULL,NULL,NULL,NULL,NULL,NULL,0,0,NULL,NULL,0,'offline'::presence_status,'active'::user_status,NULL,NULL,true,NULL,NULL,NULL,'8-char-no-thai'),
('3149','user'::app_role,'somlucksakunalai@gmail.com','สมลักษณ์','สกุณาลัย',NULL,'บรรจุ-สายพาน','พนักงานติดฉลากและบรรจุหีบห่อ 13',NULL,NULL,NULL,NULL,NULL,NULL,NULL,NULL,NULL,NULL,NULL,0,0,NULL,NULL,0,'offline'::presence_status,'active'::user_status,NULL,NULL,true,NULL,NULL,NULL,'8-char-no-thai'),
('3179','user'::app_role,'nungningnubtang@gmail.com','พัชรีรัตน์','กันญณัฏฐ์','หนิง','ขาย','พนักงานขาย',NULL,NULL,NULL,NULL,NULL,NULL,NULL,NULL,NULL,NULL,NULL,0,0,NULL,NULL,0,'offline'::presence_status,'active'::user_status,NULL,NULL,true,NULL,NULL,NULL,'8-char-no-thai'),
('3181','user'::app_role,'puwadon8103@gmail.com','ภูวดล','เก่งเขตรวิทย์','ดล','ผสมเคมี','เจ้าหน้าที่ดูแลหม้อผสม',NULL,NULL,NULL,NULL,NULL,NULL,NULL,NULL,NULL,NULL,NULL,0,0,NULL,NULL,0,'offline'::presence_status,'active'::user_status,NULL,NULL,true,NULL,NULL,NULL,'8-char-no-thai'),
('3191','user'::app_role,'wilaywrrnsayphothi5@gmail.com','วิลัยวรรณ์','สายโพธิ์','หนึ่ง','บุคคล','เจ้าหน้าที่ทำความสะอาด',NULL,NULL,NULL,NULL,NULL,NULL,NULL,NULL,NULL,NULL,NULL,0,0,NULL,NULL,0,'offline'::presence_status,'active'::user_status,NULL,NULL,true,NULL,NULL,NULL,'8-char-no-thai'),
('3239','user'::app_role,'wanwisa.p1998@gmail.com','วรรวิษา','โสวะภาสน์','ฝ้าย','เจ้าหน้าที่ประสานงานผลิต','ผู้ช่วยเจ้าหน้าที่ประสานงานลูกค้า OEM',NULL,NULL,NULL,NULL,NULL,NULL,NULL,NULL,NULL,NULL,NULL,0,0,NULL,NULL,0,'offline'::presence_status,'active'::user_status,NULL,NULL,true,NULL,NULL,NULL,'8-char-no-thai'),
('3247','user'::app_role,'ipaster783@gmail.com','วาสนา','อินทวงศ์','เปิ้ล','บรรจุ-สายพาน','พนักงานครีมย้อม',NULL,NULL,NULL,NULL,NULL,NULL,NULL,NULL,NULL,NULL,NULL,0,0,NULL,NULL,0,'offline'::presence_status,'active'::user_status,NULL,NULL,true,NULL,NULL,NULL,'8-char-no-thai'),
('3263','user'::app_role,'bangrom0550@gmail.com','จีรศักดิ์','ใต้หล้า','อักรอม','ซ่อมบำรุงรักษา','ช่างไฟฟ้าและอิเล็คทรอนิคส์',NULL,NULL,NULL,NULL,NULL,NULL,NULL,NULL,NULL,NULL,NULL,0,0,NULL,NULL,0,'offline'::presence_status,'active'::user_status,NULL,NULL,true,NULL,NULL,NULL,'8-char-no-thai'),
('3265','user'::app_role,'dewfon6475@gmail.com','วนิดา','ออมสิน','แมว','ส่งเสริมการขาย','หน่วยกิจกรรม',NULL,NULL,NULL,NULL,NULL,NULL,NULL,NULL,NULL,NULL,NULL,0,0,NULL,NULL,0,'offline'::presence_status,'active'::user_status,NULL,NULL,true,NULL,NULL,NULL,'8-char-no-thai'),
('3302','user'::app_role,'praphas.976@gmail.com','ประภาส','อรหันต์','ต้น','บรรจุ-สายพาน','พนักงานติดฉลากและบรรจุหีบห่อ 10',NULL,NULL,NULL,NULL,NULL,NULL,NULL,NULL,NULL,NULL,NULL,0,0,NULL,NULL,0,'offline'::presence_status,'active'::user_status,NULL,NULL,true,NULL,NULL,NULL,'8-char-no-thai'),
('3309','user'::app_role,'suphanni16p@gmail.com','สุพรรณี','เพียศักดิ์','หนิง','ผสมเคมี','หม้อผสมครีมย้อม',NULL,NULL,NULL,NULL,NULL,NULL,NULL,NULL,NULL,NULL,NULL,0,0,NULL,NULL,0,'offline'::presence_status,'active'::user_status,NULL,NULL,true,NULL,NULL,NULL,'8-char-no-thai'),
('3311','user'::app_role,'pyhop78@gmail.com','ประภาพร','สิงหราช','ปลา','บรรจุ-สายพาน','พนักงานติดฉลากและบรรจุหีบห่อ 9',NULL,NULL,NULL,NULL,NULL,NULL,NULL,NULL,NULL,NULL,NULL,0,0,NULL,NULL,0,'offline'::presence_status,'active'::user_status,NULL,NULL,true,NULL,NULL,NULL,'8-char-no-thai'),
('3324','user'::app_role,'c.chanika2546@gmail.com','ชนิกาณ์','ประดับญาติ','ยะห์','บรรจุ-สายพาน','ห้องบรรจุสินค้า 11',NULL,NULL,NULL,NULL,NULL,NULL,NULL,NULL,NULL,NULL,NULL,0,0,NULL,NULL,0,'offline'::presence_status,'active'::user_status,NULL,NULL,true,NULL,NULL,NULL,'8-char-no-thai'),
('3326','user'::app_role,'channarongkaewli@gmail.com','ชาญณรงค์','แก้วลาย','มี่','ขาย','พนักงานขาย',NULL,NULL,NULL,NULL,NULL,NULL,NULL,NULL,NULL,NULL,NULL,0,0,NULL,NULL,0,'offline'::presence_status,'active'::user_status,NULL,NULL,true,NULL,NULL,NULL,'8-char-no-thai'),
('3332','user'::app_role,'dfxc0549@gmail.com','สุณี','รอมาลี','ปุ๊','บรรจุ-สายพาน','พนักงานติดฉลากและบรรจุหีบห่อ 5',NULL,NULL,NULL,NULL,NULL,NULL,NULL,NULL,NULL,NULL,NULL,0,0,NULL,NULL,0,'offline'::presence_status,'active'::user_status,NULL,NULL,true,NULL,NULL,NULL,'8-char-no-thai'),
('3354','user'::app_role,'nawmipyu@gmail.com','NAW THAN THAN AYE',NULL,'นาว ตัน ตัน เอ','บรรจุ-สายพาน','ห้องบรรจุสินค้า 5',NULL,NULL,NULL,NULL,NULL,NULL,NULL,NULL,NULL,NULL,NULL,0,0,NULL,NULL,0,'offline'::presence_status,'active'::user_status,NULL,NULL,true,NULL,NULL,NULL,'8-char-no-thai'),
('3367','user'::app_role,'pattamanonsee@gmail.com','ปัตธมา','นนทรี','ปัท','บรรจุ-สายพาน','พนักงานติดฉลากและบรรจุหีบห่อ 4',NULL,NULL,NULL,NULL,NULL,NULL,NULL,NULL,NULL,NULL,NULL,0,0,NULL,NULL,0,'offline'::presence_status,'active'::user_status,NULL,NULL,true,NULL,NULL,NULL,'8-char-no-thai'),
('3380','user'::app_role,'sreekoom1983@gmail.com','ประกอบ','สีกุม','กอบ','ซ่อมบำรุงรักษา','หัวหน้าฝ่ายซ่อมบำรุง',NULL,NULL,NULL,NULL,NULL,NULL,NULL,NULL,NULL,NULL,NULL,0,0,NULL,NULL,0,'offline'::presence_status,'active'::user_status,NULL,NULL,true,NULL,NULL,NULL,'8-char-no-thai'),
('339','user'::app_role,'aonphisoot@gmail.com','พิสุทธิ์','แสงหิรัญ','อ้น','ขาย','พนักงานขาย',NULL,NULL,NULL,NULL,NULL,NULL,NULL,NULL,NULL,NULL,NULL,0,0,NULL,NULL,0,'offline'::presence_status,'active'::user_status,NULL,NULL,true,NULL,NULL,NULL,'8-char-no-thai'),
('3403','user'::app_role,'patchareelisen@gmail.com','พัชรี','ลิเซ็น','วอ','บริหาร','ผู้จัดการฝ่ายจัดซื้อ',NULL,NULL,NULL,NULL,NULL,NULL,NULL,NULL,NULL,NULL,NULL,0,0,NULL,NULL,0,'offline'::presence_status,'active'::user_status,NULL,NULL,true,NULL,NULL,NULL,'8-char-no-thai'),
('3405','user'::app_role,'mnothai.panlopong@gmail.com','มโนทัย','ปั้นลำพอง','บอย','ซ่อมบำรุงรักษา','ช่างเหล็ก/ช่างเชื่อม/ช่างประปา',NULL,NULL,NULL,NULL,NULL,NULL,NULL,NULL,NULL,NULL,NULL,0,0,NULL,NULL,0,'offline'::presence_status,'active'::user_status,NULL,NULL,true,NULL,NULL,NULL,'8-char-no-thai'),
('342','user'::app_role,'phoeyinhtwe1978@gmail.com','PHOE YIN HTWE',NULL,'ดอน','ผสมเคมี','หม้อผสมครีมย้อม',NULL,NULL,NULL,NULL,NULL,NULL,NULL,NULL,NULL,NULL,NULL,0,0,NULL,NULL,0,'offline'::presence_status,'active'::user_status,NULL,NULL,true,NULL,NULL,NULL,'8-char-no-thai'),
('3423','user'::app_role,'thanyaratka01@gmail.com','ธัญญารัตน์','หาญประเสริฐ','กา','ควบคุมคุณภาพ','พนักงาน QA',NULL,NULL,NULL,NULL,NULL,NULL,NULL,NULL,NULL,NULL,NULL,0,0,NULL,NULL,0,'offline'::presence_status,'active'::user_status,NULL,NULL,true,NULL,NULL,NULL,'8-char-no-thai'),
('3424','user'::app_role,'chonthicha25461124@gmail.com','ชลธิชา','มะหะหมัดยูซบ','โซเฟีย','ควบคุมคุณภาพ','พนักงาน QA',NULL,NULL,NULL,NULL,NULL,NULL,NULL,NULL,NULL,NULL,NULL,0,0,NULL,NULL,0,'offline'::presence_status,'active'::user_status,NULL,NULL,true,NULL,NULL,NULL,'8-char-no-thai'),
('3425','user'::app_role,'fareedafareeda2904@gmail.com','ภัชรี','มะหะหมัดยูซบ','ฟารีดา','ควบคุมคุณภาพ','พนักงาน QC Line',NULL,NULL,NULL,NULL,NULL,NULL,NULL,NULL,NULL,NULL,NULL,0,0,NULL,NULL,0,'offline'::presence_status,'active'::user_status,NULL,NULL,true,NULL,NULL,NULL,'8-char-no-thai'),
('3427','user'::app_role,'sirisopaposiri328@gmail.com','ศิริโสภา','ปอศิริ','เปรี้ยว','ชั่งสาร/คลังวัตถุดิบ','เจ้าหน้าที่จัดเตรียมวัตถุดิบ',NULL,NULL,NULL,NULL,NULL,NULL,NULL,NULL,NULL,NULL,NULL,0,0,NULL,NULL,0,'offline'::presence_status,'active'::user_status,NULL,NULL,true,NULL,NULL,NULL,'8-char-no-thai'),
('3430','user'::app_role,'arm2527tawee@gmail.com','ทวี','ไชยมี','อาร์ม','ผสมเคมี','ผู้ช่วยหัวหน้าผสมเคมี',NULL,NULL,NULL,NULL,NULL,NULL,NULL,NULL,NULL,NULL,NULL,0,0,NULL,NULL,0,'offline'::presence_status,'active'::user_status,NULL,NULL,true,NULL,NULL,NULL,'8-char-no-thai'),
('3434','user'::app_role,'prajak.jankon@gmail.com','ประจักษ์','จันทร์ก้อน','จักร (ภาคเหนือ)','ขาย','พนักงานขาย',NULL,NULL,NULL,NULL,NULL,NULL,NULL,NULL,NULL,NULL,NULL,0,0,NULL,NULL,0,'offline'::presence_status,'active'::user_status,NULL,NULL,true,NULL,NULL,NULL,'8-char-no-thai'),
('3449','user'::app_role,'thorlortor.sbinterlab@gmail.com','ภาณุพงศ์','กุญชร','เต๋า','วิจัยและพัฒนา','เจ้าหน้าที่ Stability',NULL,NULL,NULL,NULL,NULL,NULL,NULL,NULL,NULL,NULL,NULL,0,0,NULL,NULL,0,'offline'::presence_status,'active'::user_status,NULL,NULL,true,NULL,NULL,NULL,'8-char-no-thai'),
('3452','user'::app_role,'bitun13@icloud.com','ปพิชญา','ปิกรอด','ตั๋น','บรรจุ-สายพาน','ห้องบรรจุสินค้า 3',NULL,NULL,NULL,NULL,NULL,NULL,NULL,NULL,NULL,NULL,NULL,0,0,NULL,NULL,0,'offline'::presence_status,'active'::user_status,NULL,NULL,true,NULL,NULL,NULL,'8-char-no-thai'),
('3465','user'::app_role,'boonsom2523ss@gmail.com','บุญสม','เจริญพร','สม','บริหาร','ผู้จัดการฝ่ายผลิต',NULL,NULL,NULL,NULL,NULL,NULL,NULL,NULL,NULL,NULL,NULL,0,0,NULL,NULL,0,'offline'::presence_status,'active'::user_status,NULL,NULL,true,NULL,NULL,NULL,'8-char-no-thai'),
('3477','user'::app_role,'phanumart.pr@gmail.com','ภาณุมาศ','พฤทธิพงศ์สิทธิ์','ยุ้ย','ส่งออก','เจ้าหน้าที่ประสานงานฝ่ายขายต่างประเทศ',NULL,NULL,NULL,NULL,NULL,NULL,NULL,NULL,NULL,NULL,NULL,0,0,NULL,NULL,0,'offline'::presence_status,'active'::user_status,NULL,NULL,true,NULL,NULL,NULL,'8-char-no-thai'),
('3485','user'::app_role,'pimseevanglad@gmail.com','ธันยาภรณ์','สีวังลาศ','พิม','เจ้าหน้าที่วางแผนผลิต','เจ้าหน้าที่วางแผนผลิต',NULL,NULL,NULL,NULL,NULL,NULL,NULL,NULL,NULL,NULL,NULL,0,0,NULL,NULL,0,'offline'::presence_status,'active'::user_status,NULL,NULL,true,NULL,NULL,NULL,'8-char-no-thai'),
('3488','user'::app_role,'narumoltohpayang@gmail.com','นฤมล','โต๊ะปายัง','เรียม','บรรจุ-สายพาน','พนักงานติดฉลากและบรรจุหีบห่อ 4',NULL,NULL,NULL,NULL,NULL,NULL,NULL,NULL,NULL,NULL,NULL,0,0,NULL,NULL,0,'offline'::presence_status,'active'::user_status,NULL,NULL,true,NULL,NULL,NULL,'8-char-no-thai'),
('3490','user'::app_role,'phrphnasmcitt@gmail.com','พรพณา','สมจิตต์','ปุ้ย','บุคคล','เจ้าหน้าที่ทำความสะอาด',NULL,NULL,NULL,NULL,NULL,NULL,NULL,NULL,NULL,NULL,NULL,0,0,NULL,NULL,0,'offline'::presence_status,'active'::user_status,NULL,NULL,true,NULL,NULL,NULL,'8-char-no-thai'),
('3494','user'::app_role,'tanaratninnuch@gmail.com','ธนรัตน์','นิลนุช','อ๊าท','ชั่งสาร/คลังวัตถุดิบ','เจ้าหน้าที่เบิกจ่ายวัตถุดิบ',NULL,NULL,NULL,NULL,NULL,NULL,NULL,NULL,NULL,NULL,NULL,0,0,NULL,NULL,0,'offline'::presence_status,'active'::user_status,NULL,NULL,true,NULL,NULL,NULL,'8-char-no-thai'),
('3524','user'::app_role,'chayakanun019@gmail.com','ชยาภรณ์','นนทะชาติ','ขนุน','ควบคุมคุณภาพ','พนักงาน QC Line',NULL,NULL,NULL,NULL,NULL,NULL,NULL,NULL,NULL,NULL,NULL,0,0,NULL,NULL,0,'offline'::presence_status,'active'::user_status,NULL,NULL,true,NULL,NULL,NULL,'8-char-no-thai'),
('3531','user'::app_role,'ttin76650@gmail.com','TIN TUN',NULL,'ทิน ทุด','บรรจุ-สายพาน','ห้องบรรจุสินค้า 5',NULL,NULL,NULL,NULL,NULL,NULL,NULL,NULL,NULL,NULL,NULL,0,0,NULL,NULL,0,'offline'::presence_status,'active'::user_status,NULL,NULL,true,NULL,NULL,NULL,'8-char-no-thai'),
('3533','user'::app_role,'opposanok@gmail.com','THI DAR WIN',NULL,'ดา วิน','บรรจุ-สายพาน','พนักงานติดฉลากและบรรจุหีบห่อ 5',NULL,NULL,NULL,NULL,NULL,NULL,NULL,NULL,NULL,NULL,NULL,0,0,NULL,NULL,0,'offline'::presence_status,'active'::user_status,NULL,NULL,true,NULL,NULL,NULL,'8-char-no-thai'),
('3534','user'::app_role,'kamyut302028@gmail.com','พรชนก','สุขรัตน์','แก้ม','เจ้าที่วางแผนผลิต','เจ้าหน้าที่เก็บข้อมูลการผลิต',NULL,NULL,NULL,NULL,NULL,NULL,NULL,NULL,NULL,NULL,NULL,0,0,NULL,NULL,0,'offline'::presence_status,'active'::user_status,NULL,NULL,true,NULL,NULL,NULL,'8-char-no-thai'),
('3540','user'::app_role,'wengtongudomrak11@gmail.com','เวียงทอง','อุดมรักษ์','เวียง','ขาย','พนักงานขาย',NULL,NULL,NULL,NULL,NULL,NULL,NULL,NULL,NULL,NULL,NULL,0,0,NULL,NULL,0,'offline'::presence_status,'active'::user_status,NULL,NULL,true,NULL,NULL,NULL,'8-char-no-thai'),
('3541','user'::app_role,'skulpatee@gmail.com','สราวุฒิ','กุลพาที','เอ','ขาย','พนักงานขาย',NULL,NULL,NULL,NULL,NULL,NULL,NULL,NULL,NULL,NULL,NULL,0,0,NULL,NULL,0,'offline'::presence_status,'active'::user_status,NULL,NULL,true,NULL,NULL,NULL,'8-char-no-thai'),
('3554','user'::app_role,'aummie56@gmail.com','อัมพร','ริดสันเทียะ','อุ๋ม','บรรจุ-สายพาน','พนักงานติดฉลากและบรรจุหีบห่อ 3',NULL,NULL,NULL,NULL,NULL,NULL,NULL,NULL,NULL,NULL,NULL,0,0,NULL,NULL,0,'offline'::presence_status,'active'::user_status,NULL,NULL,true,NULL,NULL,NULL,'8-char-no-thai'),
('3556','user'::app_role,'amphonnipa30012545@gmail.com','พรณิภา','แข็งแรง','แอ๋ม','คลังบรรจุภัณฑ์','เจ้าหน้าที่รับบรรจุภัณฑ์',NULL,NULL,NULL,NULL,NULL,NULL,NULL,NULL,NULL,NULL,NULL,0,0,NULL,NULL,0,'offline'::presence_status,'active'::user_status,NULL,NULL,true,NULL,NULL,NULL,'8-char-no-thai'),
('3565','user'::app_role,'tasanee251525@gmail.com','ทัศนีย์','วงศ์พุฒ','เขียว','บรรจุ-สายพาน','ห้องเทสเตอร์',NULL,NULL,NULL,NULL,NULL,NULL,NULL,NULL,NULL,NULL,NULL,0,0,NULL,NULL,0,'offline'::presence_status,'active'::user_status,NULL,NULL,true,NULL,NULL,NULL,'8-char-no-thai'),
('3599','user'::app_role,'ar0925869601@gmail.com','ฐานทัพ','เจจือ','อาม้าน','บรรจุ-สายพาน','พนักงานเข็นงาน',NULL,NULL,NULL,NULL,NULL,NULL,NULL,NULL,NULL,NULL,NULL,0,0,NULL,NULL,0,'offline'::presence_status,'active'::user_status,NULL,NULL,true,NULL,NULL,NULL,'8-char-no-thai'),
('3604','user'::app_role,'pnitachlceriy@gmail.com','ปณิต้า','ชลเจริญ','บัสม่า','บรรจุ-สายพาน','พนักงานติดฉลากและบรรจุหีบห่อ 13',NULL,NULL,NULL,NULL,NULL,NULL,NULL,NULL,NULL,NULL,NULL,0,0,NULL,NULL,0,'offline'::presence_status,'active'::user_status,NULL,NULL,true,NULL,NULL,NULL,'8-char-no-thai'),
('3608','user'::app_role,'mattainlove@gmail.com','เมตตา','ศิริทอง','เมฆ','บรรจุ-สายพาน','ห้องบรรจุสินค้า 2',NULL,NULL,NULL,NULL,NULL,NULL,NULL,NULL,NULL,NULL,NULL,0,0,NULL,NULL,0,'offline'::presence_status,'active'::user_status,NULL,NULL,true,NULL,NULL,NULL,'8-char-no-thai'),
('3617','user'::app_role,'laekhanawethailand43@gmail.com','วิภาวี','และคนาเว','ติ้ล','ควบคุมคุณภาพ','พนักงาน QC Line',NULL,NULL,NULL,NULL,NULL,NULL,NULL,NULL,NULL,NULL,NULL,0,0,NULL,NULL,0,'offline'::presence_status,'active'::user_status,NULL,NULL,true,NULL,NULL,NULL,'8-char-no-thai'),
('3619','user'::app_role,'wanisaimjaroen@gmail.com','วนิษา','อิ่มเจริญ','ฟารีดา','บัญชีการเงิน','เจ้าหน้าที่บัญชีและการเงิน(ภาษี)',NULL,NULL,NULL,NULL,NULL,NULL,NULL,NULL,NULL,NULL,NULL,0,0,NULL,NULL,0,'offline'::presence_status,'active'::user_status,NULL,NULL,true,NULL,NULL,NULL,'8-char-no-thai'),
('3620','user'::app_role,'sone43383@gmail.com','AW KI SONG',NULL,'อา กิ ซอง','บรรจุ-สายพาน','พนักงานติดฉลากและบรรจุหีบห่อ 3',NULL,NULL,NULL,NULL,NULL,NULL,NULL,NULL,NULL,NULL,NULL,0,0,NULL,NULL,0,'offline'::presence_status,'active'::user_status,NULL,NULL,true,NULL,NULL,NULL,'8-char-no-thai'),
('3621','user'::app_role,'pupuway32@gmail.com','PU PU WAY',NULL,'พุ พุ เว','บรรจุ-สายพาน','พนักงานติดฉลากและบรรจุหีบห่อ 2',NULL,NULL,NULL,NULL,NULL,NULL,NULL,NULL,NULL,NULL,NULL,0,0,NULL,NULL,0,'offline'::presence_status,'active'::user_status,NULL,NULL,true,NULL,NULL,NULL,'8-char-no-thai'),
('3622','user'::app_role,'ploy310000@gmail.com','สุณิษา','คงแตง','พลอย','ควบคุมคุณภาพ','พนักงาน QCB',NULL,NULL,NULL,NULL,NULL,NULL,NULL,NULL,NULL,NULL,NULL,0,0,NULL,NULL,0,'offline'::presence_status,'active'::user_status,NULL,NULL,true,NULL,NULL,NULL,'8-char-no-thai'),
('3624','user'::app_role,'zawoo4001@gmail.com','AUNG ZAW OO',NULL,'อ่อง ซอ โก','บรรจุ-สายพาน','พนักงานติดฉลากและบรรจุหีบห่อ 7',NULL,NULL,NULL,NULL,NULL,NULL,NULL,NULL,NULL,NULL,NULL,0,0,NULL,NULL,0,'offline'::presence_status,'active'::user_status,NULL,NULL,true,NULL,NULL,NULL,'8-char-no-thai'),
('3627','user'::app_role,'phetcharat.sir@gmail.com','เพชรรัตน์','ศิริโภชน์','จ๋า','ควบคุมคุณภาพ','พนักงาน QC Line',NULL,NULL,NULL,NULL,NULL,NULL,NULL,NULL,NULL,NULL,NULL,0,0,NULL,NULL,0,'offline'::presence_status,'active'::user_status,NULL,NULL,true,NULL,NULL,NULL,'8-char-no-thai'),
('3630','user'::app_role,'chmsxingnrinthr@gmail.com','ชลดา','ฟันเดะ','นะห์','บรรจุ-สายพาน','ห้องบรรจุสินค้า 2',NULL,NULL,NULL,NULL,NULL,NULL,NULL,NULL,NULL,NULL,NULL,0,0,NULL,NULL,0,'offline'::presence_status,'active'::user_status,NULL,NULL,true,NULL,NULL,NULL,'8-char-no-thai'),
('3631','user'::app_role,'letzaw7584@gmail.com','NYEIN LET LET ZAW',NULL,'แง เละ เละ ซอ','บรรจุ-สายพาน','ห้องบรรจุสินค้า 12',NULL,NULL,NULL,NULL,NULL,NULL,NULL,NULL,NULL,NULL,NULL,0,0,NULL,NULL,0,'offline'::presence_status,'active'::user_status,NULL,NULL,true,NULL,NULL,NULL,'8-char-no-thai'),
('3632','user'::app_role,'letzaw7584@gmail.com','PHYU PHYU WIN',NULL,'พิว พิว วิน','บรรจุ-สายพาน','พนักงานติดฉลากและบรรจุหีบห่อ 10',NULL,NULL,NULL,NULL,NULL,NULL,NULL,NULL,NULL,NULL,NULL,0,0,NULL,NULL,0,'offline'::presence_status,'active'::user_status,NULL,NULL,true,NULL,NULL,NULL,'8-char-no-thai'),
('3633','user'::app_role,'ff1234ff567ff@gmail.com','EI EI MON',NULL,'อิ อิ มน','บรรจุ-สายพาน','พนักงานติดฉลากและบรรจุหีบห่อ 3',NULL,NULL,NULL,NULL,NULL,NULL,NULL,NULL,NULL,NULL,NULL,0,0,NULL,NULL,0,'offline'::presence_status,'active'::user_status,NULL,NULL,true,NULL,NULL,NULL,'8-char-no-thai'),
('3634','user'::app_role,'waranya.tongsalee@gmail.com','วรัญญา','ตงสาลี','มารียา','บรรจุ-สายพาน','ห้องบรรจุสินค้า 10',NULL,NULL,NULL,NULL,NULL,NULL,NULL,NULL,NULL,NULL,NULL,0,0,NULL,NULL,0,'offline'::presence_status,'active'::user_status,NULL,NULL,true,NULL,NULL,NULL,'8-char-no-thai'),
('3636','user'::app_role,'arumata191@gmail.com','NAY THU YA OO',NULL,'เน ตุ ยา อู','Logistic','เจ้าหน้าที่ยกสินค้าสำเร็จรูปจัดส่ง',NULL,NULL,NULL,NULL,NULL,NULL,NULL,NULL,NULL,NULL,NULL,0,0,NULL,NULL,0,'offline'::presence_status,'active'::user_status,NULL,NULL,true,NULL,NULL,NULL,'8-char-no-thai'),
('3641','user'::app_role,'winhtuy4@gmail.com','WIN HTUY AUNG',NULL,'วิน ทู อ่อง','ผสมเคมี','เจ้าหน้าที่ดูแลหม้อผสม',NULL,NULL,NULL,NULL,NULL,NULL,NULL,NULL,NULL,NULL,NULL,0,0,NULL,NULL,0,'offline'::presence_status,'active'::user_status,NULL,NULL,true,NULL,NULL,NULL,'8-char-no-thai'),
('3642','user'::app_role,'sawthaw699@gmail.com','SAW THAW THAW PHOE',NULL,'ซอ ตอ ตอ โพ','ผสมเคมี','เจ้าหน้าที่ดูแลหม้อผสม',NULL,NULL,NULL,NULL,NULL,NULL,NULL,NULL,NULL,NULL,NULL,0,0,NULL,NULL,0,'offline'::presence_status,'active'::user_status,NULL,NULL,true,NULL,NULL,NULL,'8-char-no-thai'),
('3643','user'::app_role,'a33872947@gmail.com','SAW EH PLAR SHEE',NULL,'ซอ เอ ปา ชี','บรรจุ-สายพาน','พนักงานติดฉลากและบรรจุหีบห่อ 1',NULL,NULL,NULL,NULL,NULL,NULL,NULL,NULL,NULL,NULL,NULL,0,0,NULL,NULL,0,'offline'::presence_status,'active'::user_status,NULL,NULL,true,NULL,NULL,NULL,'8-char-no-thai'),
('3645','user'::app_role,'shwey6491@gmail.com','YEE SHWE',NULL,'ยี ซวย','บรรจุ-สายพาน','ห้องบรรจุสินค้า 11',NULL,NULL,NULL,NULL,NULL,NULL,NULL,NULL,NULL,NULL,NULL,0,0,NULL,NULL,0,'offline'::presence_status,'active'::user_status,NULL,NULL,true,NULL,NULL,NULL,'8-char-no-thai'),
('3647','user'::app_role,'hlahlat96@gmail.com','PHA NYAR PHAW HE',NULL,'ฟา นี พิว ฮี','บรรจุ-สายพาน','เครื่องแปะสติกเกอร์',NULL,NULL,NULL,NULL,NULL,NULL,NULL,NULL,NULL,NULL,NULL,0,0,NULL,NULL,0,'offline'::presence_status,'active'::user_status,NULL,NULL,true,NULL,NULL,NULL,'8-char-no-thai'),
('3648','user'::app_role,'alisasrichan060747@gmail.com','อลิสา','ศรีจันทร์','มิว','Logistic','เจ้าหน้าที่ลูกค้าสัมพันธ์',NULL,NULL,NULL,NULL,NULL,NULL,NULL,NULL,NULL,NULL,NULL,0,0,NULL,NULL,0,'offline'::presence_status,'active'::user_status,NULL,NULL,true,NULL,NULL,NULL,'8-char-no-thai'),
('3652','user'::app_role,'anatmina22@gmail.com','อาณัติ','มินา','อุสตาส','ผสมเคมี','เจ้าหน้าที่ดูแลหม้อผสม',NULL,NULL,NULL,NULL,NULL,NULL,NULL,NULL,NULL,NULL,NULL,0,0,NULL,NULL,0,'offline'::presence_status,'active'::user_status,NULL,NULL,true,NULL,NULL,NULL,'8-char-no-thai'),
('3656','user'::app_role,'nareerat210943@gmail.com','นารีรัตน์','นาคบัว','บีม','จัดซื้อ','เจ้าหน้าที่ฝ่ายจัดซื้อวัถุดิบ ( เคมีภัณฑ์ )',NULL,NULL,NULL,NULL,NULL,NULL,NULL,NULL,NULL,NULL,NULL,0,0,NULL,NULL,0,'offline'::presence_status,'active'::user_status,NULL,NULL,true,NULL,NULL,NULL,'8-char-no-thai'),
('3658','user'::app_role,'aphinayaonngoen@gmail.com','อภิญญา','อ้นเงิน','เหน่ง','ผสมเคมี','ปั่นใบเดี่ยว',NULL,NULL,NULL,NULL,NULL,NULL,NULL,NULL,NULL,NULL,NULL,0,0,NULL,NULL,0,'offline'::presence_status,'active'::user_status,NULL,NULL,true,NULL,NULL,NULL,'8-char-no-thai'),
('3669','user'::app_role,'tayx.mystery@gmail.com','กฤตภาส','คล้ายคลึง','ทาย','Logistic','เจ้าหน้าที่ยกสินค้าสำเร็จรูปจัดส่ง',NULL,NULL,NULL,NULL,NULL,NULL,NULL,NULL,NULL,NULL,NULL,0,0,NULL,NULL,0,'offline'::presence_status,'active'::user_status,NULL,NULL,true,NULL,NULL,NULL,'8-char-no-thai'),
('3672','user'::app_role,'obiwankennobi37@outlook.com','จิรวัฒน์','สมเด็จ','แบงค์','IT','เจ้าหน้าที่สารสนเทศ',NULL,NULL,NULL,NULL,NULL,NULL,NULL,NULL,NULL,NULL,NULL,7,1,NULL,'2026-07-09'::date,7,'online'::presence_status,'active'::user_status,NULL,NULL,false,'2026-07-08 10:49:30'::timestamptz,NULL,NULL,'ALNUM_4_8_V1'),
('3685','user'::app_role,'aehpa4242@gmail.com','ภาวิณี','อินทร์ยงค์','เอ๋','ฝ่ายวิจัยและพัฒนา','หัวหน้าฝ่ายวิจัยและพัฒนา',NULL,NULL,NULL,NULL,NULL,NULL,NULL,NULL,NULL,NULL,NULL,0,0,NULL,NULL,0,'offline'::presence_status,'active'::user_status,NULL,NULL,true,NULL,NULL,NULL,'8-char-no-thai'),
('3696','user'::app_role,'maythumyint.pmn@gmail.com','MAY THU MYINT',NULL,'เม ทู เมี๊ยะ','บรรจุ-สายพาน','พนักงานติดฉลากและบรรจุหีบห่อ 13',NULL,NULL,NULL,NULL,NULL,NULL,NULL,NULL,NULL,NULL,NULL,0,0,NULL,NULL,0,'offline'::presence_status,'active'::user_status,NULL,NULL,true,NULL,NULL,NULL,'8-char-no-thai'),
('3697','user'::app_role,'thazinmoe1914@gmail.com','MAY THAZIN MOE',NULL,'เม ทาซิน โม','บรรจุ-สายพาน','ห้องบรรจุผง',NULL,NULL,NULL,NULL,NULL,NULL,NULL,NULL,NULL,NULL,NULL,0,0,NULL,NULL,0,'offline'::presence_status,'active'::user_status,NULL,NULL,true,NULL,NULL,NULL,'8-char-no-thai'),
('3698','user'::app_role,'kyukyuw49@gmail.com','KYU KYU WIN',NULL,'คู คู วิน','บรรจุ-สายพาน','ห้องบรรจุสินค้า 10',NULL,NULL,NULL,NULL,NULL,NULL,NULL,NULL,NULL,NULL,NULL,0,0,NULL,NULL,0,'offline'::presence_status,'active'::user_status,NULL,NULL,true,NULL,NULL,NULL,'8-char-no-thai'),
('3700','user'::app_role,'mgmanaw123@gmail.com','NWAY MA',NULL,'นวย มา','บรรจุ-สายพาน','ห้องบรรจุสินค้า 4',NULL,NULL,NULL,NULL,NULL,NULL,NULL,NULL,NULL,NULL,NULL,0,0,NULL,NULL,0,'offline'::presence_status,'active'::user_status,NULL,NULL,true,NULL,NULL,NULL,'8-char-no-thai'),
('3701','user'::app_role,'khinlayseintal796@gmail.com','MI HTAY HTAY',NULL,'มิ เท เท','บรรจุ-สายพาน','พนักงานติดฉลากและบรรจุหีบห่อ 11',NULL,NULL,NULL,NULL,NULL,NULL,NULL,NULL,NULL,NULL,NULL,0,0,NULL,NULL,0,'offline'::presence_status,'active'::user_status,NULL,NULL,true,NULL,NULL,NULL,'8-char-no-thai'),
('3702','user'::app_role,'r55178195@gmail.com','AYE AYE MAW',NULL,'เอ เอ มิว','บรรจุ-สายพาน','พนักงานติดฉลากและบรรจุหีบห่อ 13',NULL,NULL,NULL,NULL,NULL,NULL,NULL,NULL,NULL,NULL,NULL,0,0,NULL,NULL,0,'offline'::presence_status,'active'::user_status,NULL,NULL,true,NULL,NULL,NULL,'8-char-no-thai'),
('3703','user'::app_role,'mok79168@gmail.com','YI YI AUNG',NULL,'ยิ ยิ อ่อง','บรรจุ-สายพาน','ห้องบรรจุสินค้า 11',NULL,NULL,NULL,NULL,NULL,NULL,NULL,NULL,NULL,NULL,NULL,0,0,NULL,NULL,0,'offline'::presence_status,'active'::user_status,NULL,NULL,true,NULL,NULL,NULL,'8-char-no-thai'),
('3704','user'::app_role,'mwinwin882@gmail.com','WIN WIN NYEIN',NULL,'วิน วิน เนี๊ยะ','บรรจุ-สายพาน','พนักงานติดฉลากและบรรจุหีบห่อ 13',NULL,NULL,NULL,NULL,NULL,NULL,NULL,NULL,NULL,NULL,NULL,0,0,NULL,NULL,0,'offline'::presence_status,'active'::user_status,NULL,NULL,true,NULL,NULL,NULL,'8-char-no-thai'),
('3705','user'::app_role,'hlamyatthu220889@gmail.com','HLA MYAT THU',NULL,'ลา เมี๊ยะ ทู','บรรจุ-สายพาน','เครื่องแปะสติกเกอร์',NULL,NULL,NULL,NULL,NULL,NULL,NULL,NULL,NULL,NULL,NULL,0,0,NULL,NULL,0,'offline'::presence_status,'active'::user_status,NULL,NULL,true,NULL,NULL,NULL,'8-char-no-thai'),
('3706','user'::app_role,'pyae66568@gmail.com','PYAY PYAY AYE',NULL,'เพ เพ เอ','บรรจุ-สายพาน','ห้องบรรจุสินค้า 6',NULL,NULL,NULL,NULL,NULL,NULL,NULL,NULL,NULL,NULL,NULL,0,0,NULL,NULL,0,'offline'::presence_status,'active'::user_status,NULL,NULL,true,NULL,NULL,NULL,'8-char-no-thai'),
('3707','user'::app_role,'kyaw688346@gmail.com','KYAW THI HA',NULL,'จอ ไท ฮา','Logistic','เจ้าหน้าที่ยกสินค้าสำเร็จรูปจัดส่ง',NULL,NULL,NULL,NULL,NULL,NULL,NULL,NULL,NULL,NULL,NULL,0,0,NULL,NULL,0,'offline'::presence_status,'active'::user_status,NULL,NULL,true,NULL,NULL,NULL,'8-char-no-thai'),
('3709','user'::app_role,'myaw35622@gmail.com','AUNG THU TUN',NULL,'อ่อง ทู ทุน','บรรจุ-สายพาน','พนักงานติดฉลากและบรรจุหีบห่อ 13',NULL,NULL,NULL,NULL,NULL,NULL,NULL,NULL,NULL,NULL,NULL,0,0,NULL,NULL,0,'offline'::presence_status,'active'::user_status,NULL,NULL,true,NULL,NULL,NULL,'8-char-no-thai'),
('3711','user'::app_role,'aungpaingkhant14@gmail.com','AUNG PYAE SONE',NULL,'อ่อง เพ โช','บรรจุ-สายพาน','พนักงานถอดถุง',NULL,NULL,NULL,NULL,NULL,NULL,NULL,NULL,NULL,NULL,NULL,0,0,NULL,NULL,0,'offline'::presence_status,'active'::user_status,NULL,NULL,true,NULL,NULL,NULL,'8-char-no-thai'),
('3715','user'::app_role,'jantima.21012547@gmail.com','จันทิมา','น้อยสคราญ','อั้ม','ควบคุมคุณภาพ','พนักงาน QC Line',NULL,NULL,NULL,NULL,NULL,NULL,NULL,NULL,NULL,NULL,NULL,0,0,NULL,NULL,0,'offline'::presence_status,'active'::user_status,NULL,NULL,true,NULL,NULL,NULL,'8-char-no-thai'),
('3718','user'::app_role,'gyik47874@gmail.com','EI EI HTWE',NULL,'อิ อิ ทุน','บรรจุ-สายพาน','พนักงานติดฉลากและบรรจุหีบห่อ 6',NULL,NULL,NULL,NULL,NULL,NULL,NULL,NULL,NULL,NULL,NULL,0,0,NULL,NULL,0,'offline'::presence_status,'active'::user_status,NULL,NULL,true,NULL,NULL,NULL,'8-char-no-thai'),
('3719','user'::app_role,'gyik47874@gmail.com','KYAW WIN KLAING',NULL,'จอ วิน หลาย','บรรจุ-สายพาน','ห้องบรรจุสินค้า 2',NULL,NULL,NULL,NULL,NULL,NULL,NULL,NULL,NULL,NULL,NULL,0,0,NULL,NULL,0,'offline'::presence_status,'active'::user_status,NULL,NULL,true,NULL,NULL,NULL,'8-char-no-thai'),
('3720','user'::app_role,'htayhtayaung458@gmail.com','HTAY HTAY AUNG',NULL,'เท เท อ่อง','บรรจุ-สายพาน','ห้องบรรจุสินค้า 9',NULL,NULL,NULL,NULL,NULL,NULL,NULL,NULL,NULL,NULL,NULL,0,0,NULL,NULL,0,'offline'::presence_status,'active'::user_status,NULL,NULL,true,NULL,NULL,NULL,'8-char-no-thai'),
('3721','user'::app_role,'ayewaddy46892@gmail.com','MAR MAR YI',NULL,'มา มา ยิ','บรรจุ-สายพาน','พนักงานติดฉลากและบรรจุหีบห่อ 9',NULL,NULL,NULL,NULL,NULL,NULL,NULL,NULL,NULL,NULL,NULL,0,0,NULL,NULL,0,'offline'::presence_status,'active'::user_status,NULL,NULL,true,NULL,NULL,NULL,'8-char-no-thai'),
('3722','user'::app_role,'ayethandarsoe1210@gmail.com','AYE THANDAR SOE',NULL,'เอ ทาดา โช','บรรจุ-สายพาน','พนักงานทำกล่อง',NULL,NULL,NULL,NULL,NULL,NULL,NULL,NULL,NULL,NULL,NULL,0,0,NULL,NULL,0,'offline'::presence_status,'active'::user_status,NULL,NULL,true,NULL,NULL,NULL,'8-char-no-thai'),
('3723','user'::app_role,'paingthuhtet.fb118@gmail.com','PAING THU HTET',NULL,'ไป ทุ เท็ด','บรรจุ-สายพาน','พนักงานติดฉลากและบรรจุหีบห่อ 11',NULL,NULL,NULL,NULL,NULL,NULL,NULL,NULL,NULL,NULL,NULL,0,0,NULL,NULL,0,'offline'::presence_status,'active'::user_status,NULL,NULL,true,NULL,NULL,NULL,'8-char-no-thai'),
('3725','user'::app_role,'phyuphyuhmwe0@gmail.com','PHYU PHYU HMWE',NULL,'พิว พิว มวย','บรรจุ-สายพาน','พนักงานติดฉลากและบรรจุหีบห่อ 10',NULL,NULL,NULL,NULL,NULL,NULL,NULL,NULL,NULL,NULL,NULL,0,0,NULL,NULL,0,'offline'::presence_status,'active'::user_status,NULL,NULL,true,NULL,NULL,NULL,'8-char-no-thai'),
('3726','user'::app_role,'aungkyawthu1466@gmail.com','AUNG KYAW THU',NULL,'อ่อง จอ ตู','บรรจุ-สายพาน','พนักงานติดฉลากและบรรจุหีบห่อ 12',NULL,NULL,NULL,NULL,NULL,NULL,NULL,NULL,NULL,NULL,NULL,0,0,NULL,NULL,0,'offline'::presence_status,'active'::user_status,NULL,NULL,true,NULL,NULL,NULL,'8-char-no-thai'),
('3727','user'::app_role,'pyark321@gmail.com','KYI PYAR',NULL,'กิ เพ','บรรจุ-สายพาน','พนักงานติดฉลากและบรรจุหีบห่อ 4',NULL,NULL,NULL,NULL,NULL,NULL,NULL,NULL,NULL,NULL,NULL,0,0,NULL,NULL,0,'offline'::presence_status,'active'::user_status,NULL,NULL,true,NULL,NULL,NULL,'8-char-no-thai'),
('3728','user'::app_role,'babylay88885@gmail.com','SOE MIN NAING',NULL,'โช วิน นาย','บรรจุ-สายพาน','ห้องบรรจุสินค้า 12',NULL,NULL,NULL,NULL,NULL,NULL,NULL,NULL,NULL,NULL,NULL,0,0,NULL,NULL,0,'offline'::presence_status,'active'::user_status,NULL,NULL,true,NULL,NULL,NULL,'8-char-no-thai'),
('3729','user'::app_role,'noppavan37@gmail.com','นพวรรณ','สอนสาย','ซี','ชั่งสาร/คลังวัตถุดิบ','เจ้าหน้าที่ชั่งเคมี',NULL,NULL,NULL,NULL,NULL,NULL,NULL,NULL,NULL,NULL,NULL,0,0,NULL,NULL,0,'offline'::presence_status,'active'::user_status,NULL,NULL,true,NULL,NULL,NULL,'8-char-no-thai'),
('3732','user'::app_role,'julymoe07780778@gmail.com','SOE MIN AUNG',NULL,'ซอ มิน อ่อง','บรรจุ-สายพาน','ห้องบรรจุสินค้า 4',NULL,NULL,NULL,NULL,NULL,NULL,NULL,NULL,NULL,NULL,NULL,0,0,NULL,NULL,0,'offline'::presence_status,'active'::user_status,NULL,NULL,true,NULL,NULL,NULL,'8-char-no-thai'),
('3733','user'::app_role,'julymoe07780778@gmail.com','NANT SAN HTWE',NULL,'นัน ซัน ทุย','บรรจุ-สายพาน','ห้องบรรจุสินค้า 3',NULL,NULL,NULL,NULL,NULL,NULL,NULL,NULL,NULL,NULL,NULL,0,0,NULL,NULL,0,'offline'::presence_status,'active'::user_status,NULL,NULL,true,NULL,NULL,NULL,'8-char-no-thai'),
('3736','user'::app_role,'popoosang13092537@gmail.com','แสงจันทร์','สุภะดี','ปู','บรรจุ-สายพาน','ห้องบรรจุสินค้า 9',NULL,NULL,NULL,NULL,NULL,NULL,NULL,NULL,NULL,NULL,NULL,0,0,NULL,NULL,0,'offline'::presence_status,'active'::user_status,NULL,NULL,true,NULL,NULL,NULL,'8-char-no-thai'),
('3739','user'::app_role,'riw27082558@gmail.com','ขวัญฤทัย','อิ่มสำราญ','ขวัญ','ชั่งสาร/คลังวัตถุดิบ','ผู้ช่วยหัวหน้าคลังวัตถุดิบ',NULL,NULL,NULL,NULL,NULL,NULL,NULL,NULL,NULL,NULL,NULL,0,0,NULL,NULL,0,'offline'::presence_status,'active'::user_status,NULL,NULL,true,NULL,NULL,NULL,'8-char-no-thai'),
('3741','user'::app_role,'tasteerawut211@gmail.com','ธีรวุฒิ','มานมาน','ต๊าส','บรรจุ-สายพาน','ช่างเทคนิคเครื่องเดินซองสระดำ',NULL,NULL,NULL,NULL,NULL,NULL,NULL,NULL,NULL,NULL,NULL,0,0,NULL,NULL,0,'offline'::presence_status,'active'::user_status,NULL,NULL,true,NULL,NULL,NULL,'8-char-no-thai'),
('3743','user'::app_role,'siwanikhngthaen2@gmail.com','ศิวาณี','คงแท่น','บิ๋ม','บรรจุ-สายพาน','พนักงานติดฉลากและบรรจุหีบห่อ 10',NULL,NULL,NULL,NULL,NULL,NULL,NULL,NULL,NULL,NULL,NULL,0,0,NULL,NULL,0,'offline'::presence_status,'active'::user_status,NULL,NULL,true,NULL,NULL,NULL,'8-char-no-thai'),
('3746','user'::app_role,'j.pipithong@gmail.com','จือฮาน','พิพิตทอง','วีฮาน','ควบคุมคุณภาพ','พนักงาน QCP',NULL,NULL,NULL,NULL,NULL,NULL,NULL,NULL,NULL,NULL,NULL,0,0,NULL,NULL,0,'offline'::presence_status,'active'::user_status,NULL,NULL,true,NULL,NULL,NULL,'8-char-no-thai'),
('3751','user'::app_role,'wimonnatthutakit@gmail.com','วิมลนัด','ทุตะกิจ','แนน','บรรจุ-สายพาน','ห้องบรรจุสินค้า 12',NULL,NULL,NULL,NULL,NULL,NULL,NULL,NULL,NULL,NULL,NULL,0,0,NULL,NULL,0,'offline'::presence_status,'active'::user_status,NULL,NULL,true,NULL,NULL,NULL,'8-char-no-thai'),
('3753','user'::app_role,'pwinarisman@gmail.com','ปวีณา','ริสมัน','หมวย','คลังบรรจุภัณฑ์','เจ้าหน้าที่เบิกจ่ายบรรจุภัณฑ์',NULL,NULL,NULL,NULL,NULL,NULL,NULL,NULL,NULL,NULL,NULL,0,0,NULL,NULL,0,'offline'::presence_status,'active'::user_status,NULL,NULL,true,NULL,NULL,NULL,'8-char-no-thai'),
('3754','user'::app_role,'sirirta0808@gmail.com','สิรินทรา','ประดับบุตร','พลอย','บรรจุ-สายพาน','พนักงานติดฉลากและบรรจุหีบห่อ 11',NULL,NULL,NULL,NULL,NULL,NULL,NULL,NULL,NULL,NULL,NULL,0,0,NULL,NULL,0,'offline'::presence_status,'active'::user_status,NULL,NULL,true,NULL,NULL,NULL,'8-char-no-thai'),
('3755','user'::app_role,'vthai6082@gmail.com','SAW KA TO',NULL,'ซอ กะ โท','บรรจุ-สายพาน','ห้องบรรจุสินค้า 7',NULL,NULL,NULL,NULL,NULL,NULL,NULL,NULL,NULL,NULL,NULL,0,0,NULL,NULL,0,'offline'::presence_status,'active'::user_status,NULL,NULL,true,NULL,NULL,NULL,'8-char-no-thai'),
('3756','user'::app_role,'tisharadd@gmail.com','ธนกร','จงปิ่นรัตน์','บอม','คลังบรรจุภัณฑ์','หัวหน้าคลังบรรจุภัณฑ์',NULL,NULL,NULL,NULL,NULL,NULL,NULL,NULL,NULL,NULL,NULL,0,0,NULL,NULL,0,'offline'::presence_status,'active'::user_status,NULL,NULL,true,NULL,NULL,NULL,'8-char-no-thai'),
('3758','user'::app_role,'sawanya.choeikhan22@gmail.com','สวรรยา','เชยคาน','น้ำตาล','ควบคุมคุณภาพ','พนักงาน QC Line',NULL,NULL,NULL,NULL,NULL,NULL,NULL,NULL,NULL,NULL,NULL,0,0,NULL,NULL,0,'offline'::presence_status,'active'::user_status,NULL,NULL,true,NULL,NULL,NULL,'8-char-no-thai'),
('3766','user'::app_role,'thu30914646@gmail.com','PYAE PHYO PAING',NULL,'เพ พิว พาย','ชั่งสาร/คลังวัตถุดิบ','เจ้าหน้าที่ชั่งเคมี',NULL,NULL,NULL,NULL,NULL,NULL,NULL,NULL,NULL,NULL,NULL,0,0,NULL,NULL,0,'offline'::presence_status,'active'::user_status,NULL,NULL,true,NULL,NULL,NULL,'8-char-no-thai'),
('3768','user'::app_role,'thu30914646@gmail.com','THU ZAR',NULL,'ตู ซา','ชั่งสาร/คลังวัตถุดิบ','เจ้าหน้าที่ชั่งเคมี',NULL,NULL,NULL,NULL,NULL,NULL,NULL,NULL,NULL,NULL,NULL,0,0,NULL,NULL,0,'offline'::presence_status,'active'::user_status,NULL,NULL,true,NULL,NULL,NULL,'8-char-no-thai'),
('3769','user'::app_role,'suthwe49@gmail.com','SU HLAING HNIN',NULL,'สุ หลาย นิน','บรรจุ-สายพาน','พนักงานติดฉลากและบรรจุหีบห่อ 7',NULL,NULL,NULL,NULL,NULL,NULL,NULL,NULL,NULL,NULL,NULL,0,0,NULL,NULL,0,'offline'::presence_status,'active'::user_status,NULL,NULL,true,NULL,NULL,NULL,'8-char-no-thai'),
('3772','user'::app_role,'titisorn231142@gmail.com','ธิติสรณ์','พูลสวัสดิ์','แสตมป์','ผสมเคมี','เจ้าหน้าที่ดูแลหม้อผสม',NULL,NULL,NULL,NULL,NULL,NULL,NULL,NULL,NULL,NULL,NULL,0,0,NULL,NULL,0,'offline'::presence_status,'active'::user_status,NULL,NULL,true,NULL,NULL,NULL,'8-char-no-thai'),
('3775','user'::app_role,'rattikalpaipaen@gmail.com','รัติกาล','ไผ่แผน',NULL,'Logistic','เจ้าหน้าที่ Checker สินค้าสำเร็จรูป',NULL,NULL,NULL,NULL,NULL,NULL,NULL,NULL,NULL,NULL,NULL,0,0,NULL,NULL,0,'offline'::presence_status,'active'::user_status,NULL,NULL,true,NULL,NULL,NULL,'8-char-no-thai'),
('3776','user'::app_role,'pattarawadeesongdet@gmail.com','ภัทรวดี','ทรงเดช','พัช','Logistic','เจ้าหน้าที่ Checker สินค้าสำเร็จรูป',NULL,NULL,NULL,NULL,NULL,NULL,NULL,NULL,NULL,NULL,NULL,0,0,NULL,NULL,0,'offline'::presence_status,'active'::user_status,NULL,NULL,true,NULL,NULL,NULL,'8-char-no-thai'),
('3777','user'::app_role,'minttyza302@gmail.com','อมรรัตน์','เอี่ยมสำอางค์','มิ้นท์','ฝ่ายบุคคล','เจ้าหน้าที่ฝ่ายทรัพยากรบุคคล',NULL,NULL,NULL,NULL,NULL,NULL,NULL,NULL,NULL,NULL,NULL,0,0,NULL,NULL,0,'offline'::presence_status,'active'::user_status,NULL,NULL,true,NULL,NULL,NULL,'8-char-no-thai'),
('3783','user'::app_role,'natnajawa030166@gmail.com','วาริษา','ซากุล','นัจวา','เจ้าหน้าที่ประสานงานผลิต','ผู้ช่วยเจ้าหน้าที่ประสานงานลูกค้า OEM',NULL,NULL,NULL,NULL,NULL,NULL,NULL,NULL,NULL,NULL,NULL,0,0,NULL,NULL,0,'offline'::presence_status,'active'::user_status,NULL,NULL,true,NULL,NULL,NULL,'8-char-no-thai'),
('3784','user'::app_role,'wanwateemadrang@gmail.com','วรรณวธีร์','หมัดรัง','ฮุสนา','บรรจุ-สายพาน','พนักงานติดฉลากและบรรจุหีบห่อ 13',NULL,NULL,NULL,NULL,NULL,NULL,NULL,NULL,NULL,NULL,NULL,0,0,NULL,NULL,0,'offline'::presence_status,'active'::user_status,NULL,NULL,true,NULL,NULL,NULL,'8-char-no-thai'),
('3786','user'::app_role,'exgaywah.mm1998@gmail.com','SAW FXGAYWAH',NULL,'ซอ เอกาวา','Logistic','เจ้าหน้าที่ยกสินค้าสำเร็จรูปจัดส่ง',NULL,NULL,NULL,NULL,NULL,NULL,NULL,NULL,NULL,NULL,NULL,0,0,NULL,NULL,0,'offline'::presence_status,'active'::user_status,NULL,NULL,true,NULL,NULL,NULL,'8-char-no-thai'),
('3788','user'::app_role,'saw031191@gmail.com','SAW FXGAYSOE',NULL,'ซอ เอกาโซ','ผสมเคมี','เจ้าหน้าที่ล้างถังเบาท์',NULL,NULL,NULL,NULL,NULL,NULL,NULL,NULL,NULL,NULL,NULL,0,0,NULL,NULL,0,'offline'::presence_status,'active'::user_status,NULL,NULL,true,NULL,NULL,NULL,'8-char-no-thai'),
('3792','user'::app_role,'sarasineewaha@gmail.com','สราศิณี','วาฮา','ตัสนีม','ควบคุมคุณภาพ','พนักงาน QC Line',NULL,NULL,NULL,NULL,NULL,NULL,NULL,NULL,NULL,NULL,NULL,0,0,NULL,NULL,0,'offline'::presence_status,'active'::user_status,NULL,NULL,true,NULL,NULL,NULL,'8-char-no-thai'),
('3794','user'::app_role,'aungthanoo756@gmail.com','AUNG THAN OO',NULL,'อ่อง ตัน อู','ผสมเคมี','เจ้าหน้าที่ล้างถังเบาท์',NULL,NULL,NULL,NULL,NULL,NULL,NULL,NULL,NULL,NULL,NULL,0,0,NULL,NULL,0,'offline'::presence_status,'active'::user_status,NULL,NULL,true,NULL,NULL,NULL,'8-char-no-thai'),
('3795','user'::app_role,'phoeyinhtwe1978@gmail.com','KHIN MYINT KYI',NULL,'คิน เมียะ จี','ผสมเคมี','เจ้าหน้าที่ล้างถังเบาท์',NULL,NULL,NULL,NULL,NULL,NULL,NULL,NULL,NULL,NULL,NULL,0,0,NULL,NULL,0,'offline'::presence_status,'active'::user_status,NULL,NULL,true,NULL,NULL,NULL,'8-char-no-thai'),
('3796','user'::app_role,'hlahlat96@gmail.com','HLA HLA TIN',NULL,'ลา ลา ทิน','บรรจุ-สายพาน','ห้องบรรจุสินค้า 7',NULL,NULL,NULL,NULL,NULL,NULL,NULL,NULL,NULL,NULL,NULL,0,0,NULL,NULL,0,'offline'::presence_status,'active'::user_status,NULL,NULL,true,NULL,NULL,NULL,'8-char-no-thai'),
('3800','user'::app_role,'ninayothasri28@gmail.com','ณินา','โยธาศรี','เดียร์','บรรจุ-สายพาน','ห้องบรรจุสินค้า 5',NULL,NULL,NULL,NULL,NULL,NULL,NULL,NULL,NULL,NULL,NULL,0,0,NULL,NULL,0,'offline'::presence_status,'active'::user_status,NULL,NULL,true,NULL,NULL,NULL,'8-char-no-thai'),
('3804','user'::app_role,'pimpa.401@icloud.com','พิมพา','เขตประทุม','พิมพ์','บรรจุ-สายพาน','ห้องบรรจุสินค้า 3',NULL,NULL,NULL,NULL,NULL,NULL,NULL,NULL,NULL,NULL,NULL,0,0,NULL,NULL,0,'offline'::presence_status,'active'::user_status,NULL,NULL,true,NULL,NULL,NULL,'8-char-no-thai'),
('3806','user'::app_role,'zin765329@gmail.com','WIN WIN HTIKE',NULL,'วิน วิน ไค','บรรจุ-สายพาน','พนักงานติดฉลากและบรรจุหีบห่อ 4',NULL,NULL,NULL,NULL,NULL,NULL,NULL,NULL,NULL,NULL,NULL,0,0,NULL,NULL,0,'offline'::presence_status,'active'::user_status,NULL,NULL,true,NULL,NULL,NULL,'8-char-no-thai'),
('3809','user'::app_role,'kyawlintun90000@gmail.com','KYAW LIN TUN',NULL,'จอ ลิน ทุน','บรรจุ-สายพาน','พนักงานเข็นBULK',NULL,NULL,NULL,NULL,NULL,NULL,NULL,NULL,NULL,NULL,NULL,0,0,NULL,NULL,0,'offline'::presence_status,'active'::user_status,NULL,NULL,true,NULL,NULL,NULL,'8-char-no-thai'),
('3811','user'::app_role,'thanakonduangjit@gmail.com','ธนากร','ดวงจิตร','พีร์','สำนักงาน','เจ้าหน้าที่ควมคุมสิ่งแวดล้อม',NULL,NULL,NULL,NULL,NULL,NULL,NULL,NULL,NULL,NULL,NULL,0,0,NULL,NULL,0,'offline'::presence_status,'active'::user_status,NULL,NULL,true,NULL,NULL,NULL,'8-char-no-thai'),
('3816','user'::app_role,'susuzaw282@gmail.com','SU SU ZAW',NULL,'สุ สุ ซอ','บรรจุ-สายพาน','ห้องบรรจุสินค้า 1',NULL,NULL,NULL,NULL,NULL,NULL,NULL,NULL,NULL,NULL,NULL,0,0,NULL,NULL,0,'offline'::presence_status,'active'::user_status,NULL,NULL,true,NULL,NULL,NULL,'8-char-no-thai'),
('3821','user'::app_role,'mmew52697@gmail.com','กานดา','อิ่มหนำ','หมิว','บรรจุ-สายพาน','พนักงานติดฉลากและบรรจุหีบห่อ 12',NULL,NULL,NULL,NULL,NULL,NULL,NULL,NULL,NULL,NULL,NULL,0,0,NULL,NULL,0,'offline'::presence_status,'active'::user_status,NULL,NULL,true,NULL,NULL,NULL,'8-char-no-thai'),
('3822','user'::app_role,'misterlee258@gmail.com','อาลี','พิพิตทอง','ลี','บรรจุ-สายพาน','พนักงานติดฉลากและบรรจุหีบห่อ 11',NULL,NULL,NULL,NULL,NULL,NULL,NULL,NULL,NULL,NULL,NULL,0,0,NULL,NULL,0,'offline'::presence_status,'active'::user_status,NULL,NULL,true,NULL,NULL,NULL,'8-char-no-thai'),
('3823','user'::app_role,'Darunee3989@gmail.com','ดรุณี','รินรัตน์','รดา','ฝ่ายวิจัยและพัฒนา','เจ้าหน้าที่ฝ่ายวิจัยและพัฒนา',NULL,NULL,NULL,NULL,NULL,NULL,NULL,NULL,NULL,NULL,NULL,0,0,NULL,NULL,0,'offline'::presence_status,'active'::user_status,NULL,NULL,true,NULL,NULL,NULL,'8-char-no-thai'),
('3824','user'::app_role,'baitan11@hotmail.com','บุญฉลอง','คชภักดี','ตุ๊ก','บริหาร','ผู้จัดการแผนกวิศวกรรมและซ่อมบำรุง',NULL,NULL,NULL,NULL,NULL,NULL,NULL,NULL,NULL,NULL,NULL,0,0,NULL,NULL,0,'offline'::presence_status,'active'::user_status,NULL,NULL,true,NULL,NULL,NULL,'8-char-no-thai'),
('3826','user'::app_role,'juthamatnoyhiran@gmail.com','จุฑามาศ','น้อยหิรัญ','เฟีย','ฝ่ายวิจัยและพัฒนา','ผู้ช่วยเจ้าหน้าที่ฝ่ายวิจัยและพัฒนา',NULL,NULL,NULL,NULL,NULL,NULL,NULL,NULL,NULL,NULL,NULL,0,0,NULL,NULL,0,'offline'::presence_status,'active'::user_status,NULL,NULL,true,NULL,NULL,NULL,'8-char-no-thai'),
('3827','user'::app_role,'nisachonnongpha234@gmail.com','นิศาชล','กาจสาลีการ','มอญ','ฝ่ายบุคคล','เจ้าหน้าที่ฝ่ายทรัพยากรบุคคล',NULL,NULL,NULL,NULL,NULL,NULL,NULL,NULL,NULL,NULL,NULL,0,0,NULL,NULL,0,'offline'::presence_status,'active'::user_status,NULL,NULL,true,NULL,NULL,NULL,'8-char-no-thai'),
('3828','user'::app_role,'kamolchanoktinn@gmail.com','กมลชนก','เจ๊ะหมัด','ฟาติน','การตลาดออนไลน์','เจ้าหน้าที่ Marketplace',NULL,NULL,NULL,NULL,NULL,NULL,NULL,NULL,NULL,NULL,NULL,0,0,NULL,NULL,0,'offline'::presence_status,'active'::user_status,NULL,NULL,true,NULL,NULL,NULL,'8-char-no-thai'),
('3829','user'::app_role,'saifon250812@gmail.com','สายฝน','สายสงวน','ฝน','ผสมเคมี','ผู้ช่วยหัวหน้าผสมเคมี',NULL,NULL,NULL,NULL,NULL,NULL,NULL,NULL,NULL,NULL,NULL,0,0,NULL,NULL,0,'offline'::presence_status,'active'::user_status,NULL,NULL,true,NULL,NULL,NULL,'8-char-no-thai'),
('3831','user'::app_role,'Prawannapinthong@gmail.com','ประวันนา','ปิ่นทอง','ลี','คลังบรรจุภัณฑ์','เจ้าหน้าที่รับบรรจุภัณฑ์',NULL,NULL,NULL,NULL,NULL,NULL,NULL,NULL,NULL,NULL,NULL,0,0,NULL,NULL,0,'offline'::presence_status,'active'::user_status,NULL,NULL,true,NULL,NULL,NULL,'8-char-no-thai'),
('3832','user'::app_role,'wannisa200214@gmail.com','วรรณิศา','ดาดื่น','ออย','ฝ่ายบุคคล','ผู้ช่วยฝ่ายปฏิบัติการและบุคคล',NULL,NULL,NULL,NULL,NULL,NULL,NULL,NULL,NULL,NULL,NULL,0,0,NULL,NULL,0,'offline'::presence_status,'active'::user_status,NULL,NULL,true,NULL,NULL,NULL,'8-char-no-thai'),
('3835','user'::app_role,'supansasangjantad@gmail.com','สุพรรษา','แสงจันทร์เทศ','แป๋ว
 แป
 แป๋ว','การตลาด ออนไลน์','เจ้าหน้าที่การตลาด ออนไลน์',NULL,NULL,NULL,NULL,NULL,NULL,NULL,NULL,NULL,NULL,NULL,0,0,NULL,NULL,0,'offline'::presence_status,'active'::user_status,NULL,NULL,true,NULL,NULL,NULL,'8-char-no-thai'),
('3836','user'::app_role,'teerawut6168@gmail.com','ธีรวุฒิ','ม่วมกระโทก','แป๊ป','Logistic','เจ้าหน้าที่ยกสินค้าสำเร็จรูปจัดส่ง',NULL,NULL,NULL,NULL,NULL,NULL,NULL,NULL,NULL,NULL,NULL,0,0,NULL,NULL,0,'offline'::presence_status,'active'::user_status,NULL,NULL,true,NULL,NULL,NULL,'8-char-no-thai'),
('3838','user'::app_role,'nusaranrat2002@gmail.com','สราญรัตน์','สุดศรี','นูรียะห์','บัญชีลูกหนี้','เจ้าหน้าที่บัญชีลูกหนี้ 5',NULL,NULL,NULL,NULL,NULL,NULL,NULL,NULL,NULL,NULL,NULL,0,0,NULL,NULL,0,'offline'::presence_status,'active'::user_status,NULL,NULL,true,NULL,NULL,NULL,'8-char-no-thai'),
('3840','user'::app_role,'thanakonpaohom@gmail.com','ธนกร','เผ่าหอม','จ๊อบ','การตลาด ออนไลน์','ผู้จัดการ การตลาดออนไลน์',NULL,NULL,NULL,NULL,NULL,NULL,NULL,NULL,NULL,NULL,NULL,0,0,NULL,NULL,0,'offline'::presence_status,'active'::user_status,NULL,NULL,true,NULL,NULL,NULL,'8-char-no-thai'),
('3841','user'::app_role,'aung219201@gmail.com','HTET HTET LWIN',NULL,'เท็ด เท็ด วิน','ชั่งสาร/คลังวัตถุดิบ','เจ้าหน้าที่ชั่งเคมี',NULL,NULL,NULL,NULL,NULL,NULL,NULL,NULL,NULL,NULL,NULL,0,0,NULL,NULL,0,'offline'::presence_status,'active'::user_status,NULL,NULL,true,NULL,NULL,NULL,'8-char-no-thai'),
('3842','user'::app_role,'aung219201@gmail.com','PHYO WAI AUNG',NULL,'พิว ไว อ่อง','ผสมเคมี','เจ้าหน้าที่ดูแลหม้อผสม',NULL,NULL,NULL,NULL,NULL,NULL,NULL,NULL,NULL,NULL,NULL,0,0,NULL,NULL,0,'offline'::presence_status,'active'::user_status,NULL,NULL,true,NULL,NULL,NULL,'8-char-no-thai'),
('3844','user'::app_role,'poosanisa521214@gmail.com','พลพล','เจ๊เลาะห์','ฮัยยูบ','Logistic','เจ้าหน้าที่ยกสินค้าสำเร็จรูปจัดส่ง',NULL,NULL,NULL,NULL,NULL,NULL,NULL,NULL,NULL,NULL,NULL,0,0,NULL,NULL,0,'offline'::presence_status,'active'::user_status,NULL,NULL,true,NULL,NULL,NULL,'8-char-no-thai'),
('3845','user'::app_role,NULL,'SUJO',NULL,'สูโจ','ชั่งสาร/คลังวัตถุดิบ','เจ้าหน้าที่จัดเตรียมวัตถุดิบ',NULL,NULL,NULL,NULL,NULL,NULL,NULL,NULL,NULL,NULL,NULL,0,0,NULL,NULL,0,'offline'::presence_status,'active'::user_status,NULL,NULL,true,NULL,NULL,NULL,'8-char-no-thai'),
('3846','user'::app_role,NULL,'THAR NYI',NULL,'ทา นุ้ย','ชั่งสาร/คลังวัตถุดิบ','เจ้าหน้าที่จัดเตรียมวัตถุดิบ',NULL,NULL,NULL,NULL,NULL,NULL,NULL,NULL,NULL,NULL,NULL,0,0,NULL,NULL,0,'offline'::presence_status,'active'::user_status,NULL,NULL,true,NULL,NULL,NULL,'8-char-no-thai'),
('3847','user'::app_role,NULL,'ZIN KO KO',NULL,'ซิน โก โก','ชั่งสาร/คลังวัตถุดิบ','เจ้าหน้าที่ชั่งเคมี',NULL,NULL,NULL,NULL,NULL,NULL,NULL,NULL,NULL,NULL,NULL,0,0,NULL,NULL,0,'offline'::presence_status,'active'::user_status,NULL,NULL,true,NULL,NULL,NULL,'8-char-no-thai'),
('3848','user'::app_role,NULL,'สุรชาติ','ยาภา','อาร์ม','ส่งเสริมการขาย','หน่วยกิจกรรม',NULL,NULL,NULL,NULL,NULL,NULL,NULL,NULL,NULL,NULL,NULL,0,0,NULL,NULL,0,'offline'::presence_status,'active'::user_status,NULL,NULL,true,NULL,NULL,NULL,'8-char-no-thai'),
('3849','user'::app_role,NULL,'มงคล','สุพรรณสุด','หม่อน','Logistic','เจ้าหน้าที่จัดส่งสินค้าเขตกรุงเทพ',NULL,NULL,NULL,NULL,NULL,NULL,NULL,NULL,NULL,NULL,NULL,0,0,NULL,NULL,0,'offline'::presence_status,'active'::user_status,NULL,NULL,true,NULL,NULL,NULL,'8-char-no-thai'),
('485','user'::app_role,'wannapapupat@gmail.com','วรรณภา','ภู่เพ็ชร์','ลา','บรรจุ-สายพาน','ห้องบรรจุสินค้า 4',NULL,NULL,NULL,NULL,NULL,NULL,NULL,NULL,NULL,NULL,NULL,0,0,NULL,NULL,0,'offline'::presence_status,'active'::user_status,NULL,NULL,true,NULL,NULL,NULL,'8-char-no-thai'),
('542','user'::app_role,'kk0832463837@gmail.com','วรรวิษา','ซันเล','ซีเราะห์','บรรจุ-สายพาน','ห้องบรรจุสินค้า 2',NULL,NULL,NULL,NULL,NULL,NULL,NULL,NULL,NULL,NULL,NULL,0,0,NULL,NULL,0,'offline'::presence_status,'active'::user_status,NULL,NULL,true,NULL,NULL,NULL,'8-char-no-thai'),
('592','user'::app_role,'wannabag153@gmail.com','วรรณา','ซันเล','ซอบะห์','บรรจุ-สายพาน','ห้องบรรจุสินค้า 6',NULL,NULL,NULL,NULL,NULL,NULL,NULL,NULL,NULL,NULL,NULL,0,0,NULL,NULL,0,'offline'::presence_status,'active'::user_status,NULL,NULL,true,NULL,NULL,NULL,'8-char-no-thai'),
('622','user'::app_role,'mng_sa@carebeau-enjoy.com','สกล','ธนโชติวดี','เปี๊ยก','บริหาร','ผู้จัดการฝ่ายขายและการตลาด',NULL,NULL,NULL,NULL,NULL,NULL,NULL,NULL,NULL,NULL,NULL,0,0,NULL,NULL,0,'offline'::presence_status,'active'::user_status,NULL,NULL,true,NULL,NULL,NULL,'8-char-no-thai'),
('634','user'::app_role,'ninu4552@gmail.com','อารีรัตน์','แชจอหอ','นินู','ผสมเคมี','หัวหน้าแผนกปั่นใบเดี่ยว',NULL,NULL,NULL,NULL,NULL,NULL,NULL,NULL,NULL,NULL,NULL,0,0,NULL,NULL,0,'offline'::presence_status,'active'::user_status,NULL,NULL,true,NULL,NULL,NULL,'8-char-no-thai'),
('639','user'::app_role,'thanaporn.chuatong@gmail.com','ธนภร','เชื้อทอง','จิ๋ม','ขาย','พนักงานขาย',NULL,NULL,NULL,NULL,NULL,NULL,NULL,NULL,NULL,NULL,NULL,0,0,NULL,NULL,0,'offline'::presence_status,'active'::user_status,NULL,NULL,true,NULL,NULL,NULL,'8-char-no-thai'),
('678','user'::app_role,'criratnkheiywchxum@gmail.com','จรีรัตน์','เขียวชอุ่ม','ตุ๊ก','บรรจุ-สายพาน','พนักงานติดฉลากและบรรจุหีบห่อ 12',NULL,NULL,NULL,NULL,NULL,NULL,NULL,NULL,NULL,NULL,NULL,0,0,NULL,NULL,0,'offline'::presence_status,'active'::user_status,NULL,NULL,true,NULL,NULL,NULL,'8-char-no-thai'),
('692','user'::app_role,'aullsompong2555@gmail.com','สมพงษ์','สายหงษ์','อั๋น','ขาย','พนักงานขาย',NULL,NULL,NULL,NULL,NULL,NULL,NULL,NULL,NULL,NULL,NULL,0,0,NULL,NULL,0,'offline'::presence_status,'active'::user_status,NULL,NULL,true,NULL,NULL,NULL,'8-char-no-thai'),
('698','user'::app_role,'luknammza@gmail.com','ลูกน้ำ','เอี่ยมประเสริฐ','น้ำ','คลังสินค้าสำเร็จรูป','ส่วนงานรับสินค้าและบริหารพื้นที่คลังสินค้า',NULL,NULL,NULL,NULL,NULL,NULL,NULL,NULL,NULL,NULL,NULL,0,0,NULL,NULL,0,'offline'::presence_status,'active'::user_status,NULL,NULL,true,NULL,NULL,NULL,'8-char-no-thai'),
('699','user'::app_role,'chonticha.lg.26@gmail.com','ชลธิชา','เอี่ยมประเสริฐ','อัน','Logistic','หัวหน้าฝ่าย Logistic',NULL,NULL,NULL,NULL,NULL,NULL,NULL,NULL,NULL,NULL,NULL,0,0,NULL,NULL,0,'offline'::presence_status,'active'::user_status,NULL,NULL,true,NULL,NULL,NULL,'8-char-no-thai'),
('719','user'::app_role,'bnfd7592@gmail.com','มาลินี','อีตำ','นา','บรรจุ-สายพาน','หัวหน้าสายพาน',NULL,NULL,NULL,NULL,NULL,NULL,NULL,NULL,NULL,NULL,NULL,0,0,NULL,NULL,0,'offline'::presence_status,'active'::user_status,NULL,NULL,true,NULL,NULL,NULL,'8-char-no-thai'),
('726','user'::app_role,'skolpol243@gmail.com','พิศมัย','วงษ์ศรีแก้ว','เปิ้ล','คลังสินค้าสำเร็จรูป','ส่วนงานห้องเคลียร์สินค้ารับคืนสินค้า',NULL,NULL,NULL,NULL,NULL,NULL,NULL,NULL,NULL,NULL,NULL,0,0,NULL,NULL,0,'offline'::presence_status,'active'::user_status,NULL,NULL,true,NULL,NULL,NULL,'8-char-no-thai'),
('742','user'::app_role,'napalaik4@gmail.com','นภาลัย','ภักดีวงค์','ใหม่','บรรจุ-สายพาน','พนักงานครีมย้อม',NULL,NULL,NULL,NULL,NULL,NULL,NULL,NULL,NULL,NULL,NULL,0,0,NULL,NULL,0,'offline'::presence_status,'active'::user_status,NULL,NULL,true,NULL,NULL,NULL,'8-char-no-thai'),
('761','user'::app_role,'nawaratdee1994@gmail.com','นวรัตน์','ชมมณฑา','ปอย','บรรจุ-สายพาน','ห้องบรรจุผง',NULL,NULL,NULL,NULL,NULL,NULL,NULL,NULL,NULL,NULL,NULL,0,0,NULL,NULL,0,'offline'::presence_status,'active'::user_status,NULL,NULL,true,NULL,NULL,NULL,'8-char-no-thai'),
('781','user'::app_role,'yy18062535@gmail.com','ศิริลักษณ์','เขียวชอุ่ม','หญิง','บัญชีลูกหนี้','เจ้าหน้าที่บัญชีลูกหนี้ 1',NULL,NULL,NULL,NULL,NULL,NULL,NULL,NULL,NULL,NULL,NULL,0,0,NULL,NULL,0,'offline'::presence_status,'active'::user_status,NULL,NULL,true,NULL,NULL,NULL,'8-char-no-thai'),
('793','user'::app_role,'sasiwimol0910@gmail.com','ศศิวิมล','จันทรังษี','นึง','บัญชีลูกหนี้','เจ้าหน้าที่บัญชีลูกหนี้ 4',NULL,NULL,NULL,NULL,NULL,NULL,NULL,NULL,NULL,NULL,NULL,0,0,NULL,NULL,0,'offline'::presence_status,'active'::user_status,NULL,NULL,true,NULL,NULL,NULL,'8-char-no-thai'),
('804','user'::app_role,'faluffy2538@gmail.com','สมคิด','เซ็นโส','ฟา','ซ่อมบำรุงรักษา','ช่างซ่อมบำรุง(ช่างกลโรงงาน)',NULL,NULL,NULL,NULL,NULL,NULL,NULL,NULL,NULL,NULL,NULL,0,0,NULL,NULL,0,'offline'::presence_status,'active'::user_status,NULL,NULL,true,NULL,NULL,NULL,'8-char-no-thai'),
('805','user'::app_role,'sanechidtanong@gmail.com','วรเวช','กุลพาที','บี','ขาย','พนักงานขาย',NULL,NULL,NULL,NULL,NULL,NULL,NULL,NULL,NULL,NULL,NULL,0,0,NULL,NULL,0,'offline'::presence_status,'active'::user_status,NULL,NULL,true,NULL,NULL,NULL,'8-char-no-thai'),
('835','user'::app_role,'varee.s121235@gmail.com','วารี','สงวนวงษ์','รี','คลังบรรจุภัณฑ์','เจ้าหน้าที่รับบรรจุภัณฑ์',NULL,NULL,NULL,NULL,NULL,NULL,NULL,NULL,NULL,NULL,NULL,0,0,NULL,NULL,0,'offline'::presence_status,'active'::user_status,NULL,NULL,true,NULL,NULL,NULL,'8-char-no-thai'),
('840','user'::app_role,'malahongthxng@gmail.com','มาลา','โหงทอง','ดะห์','คลังสินค้าสำเร็จรูป','ส่วนงานห้องเคลียร์สินค้ารับคืนสินค้า',NULL,NULL,NULL,NULL,NULL,NULL,NULL,NULL,NULL,NULL,NULL,0,0,NULL,NULL,0,'offline'::presence_status,'active'::user_status,NULL,NULL,true,NULL,NULL,NULL,'8-char-no-thai'),
('846','user'::app_role,'somchai.noy2532@gmail.com','สายรุ้ง','นิลนวลอุบล','รุ้ง','บรรจุ-สายพาน','พนักงานติดฉลากและบรรจุหีบห่อ 2',NULL,NULL,NULL,NULL,NULL,NULL,NULL,NULL,NULL,NULL,NULL,0,0,NULL,NULL,0,'offline'::presence_status,'active'::user_status,NULL,NULL,true,NULL,NULL,NULL,'8-char-no-thai'),
('859','user'::app_role,'nunn49527@gmail.com','พัชรินทร์','เพ็ชร์อินทร์','นุ่น','คลังบรรจุภัณฑ์','เจ้าหน้าที่เบิกจ่ายบรรจุภัณฑ์',NULL,NULL,NULL,NULL,NULL,NULL,NULL,NULL,NULL,NULL,NULL,0,0,NULL,NULL,0,'offline'::presence_status,'active'::user_status,NULL,NULL,true,NULL,NULL,NULL,'8-char-no-thai'),
('880','user'::app_role,'vhfxjbvdbyfhgvx@gmail.com','NAN KYI KYI MAY',NULL,'ดามุก','บุคคล','เจ้าหน้าที่ทำความสะอาด',NULL,NULL,NULL,NULL,NULL,NULL,NULL,NULL,NULL,NULL,NULL,0,0,NULL,NULL,0,'offline'::presence_status,'active'::user_status,NULL,NULL,true,NULL,NULL,NULL,'8-char-no-thai'),
('881','user'::app_role,'vhfxjbvdbyfhgvx@gmail.com','SAW MIE PONE',NULL,'สมชาย','บุคคล','คนสวน',NULL,NULL,NULL,NULL,NULL,NULL,NULL,NULL,NULL,NULL,NULL,0,0,NULL,NULL,0,'offline'::presence_status,'active'::user_status,NULL,NULL,true,NULL,NULL,NULL,'8-char-no-thai'),
('893','user'::app_role,'sunmarue@gmail.com','อารี','สิงห์งาม','เด๊ะรี','บรรจุ-สายพาน','พนักงานบรรจุไฮโดรเจน( ห้อง8 )',NULL,NULL,NULL,NULL,NULL,NULL,NULL,NULL,NULL,NULL,NULL,0,0,NULL,NULL,0,'offline'::presence_status,'active'::user_status,NULL,NULL,true,NULL,NULL,NULL,'8-char-no-thai'),
('940','user'::app_role,'manot0894860272@gmail.com','มาลัย','อ่านสนิท',NULL,'บรรจุ-สายพาน','พนักงานผลิต สพ.13',NULL,NULL,NULL,NULL,NULL,NULL,NULL,NULL,NULL,NULL,NULL,0,0,NULL,NULL,0,'offline'::presence_status,'active'::user_status,NULL,NULL,true,NULL,NULL,NULL,'8-char-no-thai'),
('985','user'::app_role,'s.siriporn2525@gmail.com','ศิริพร','กล่อมวงศ์','ดาว','บรรจุ-สายพาน','หัวหน้าสายพาน',NULL,NULL,NULL,NULL,NULL,NULL,NULL,NULL,NULL,NULL,NULL,0,0,NULL,NULL,0,'offline'::presence_status,'active'::user_status,NULL,NULL,true,NULL,NULL,NULL,'8-char-no-thai'),
('996','user'::app_role,'kanyakorn.nook99@gmail.com','กัลยกร','วงษ์อุคะ','นุ๊ก','บรรจุ-สายพาน','ห้องบรรจุสินค้า 10',NULL,NULL,NULL,NULL,NULL,NULL,NULL,NULL,NULL,NULL,NULL,0,0,NULL,NULL,0,'offline'::presence_status,'active'::user_status,NULL,NULL,true,NULL,NULL,NULL,'8-char-no-thai'),
('admin1','admin_it'::app_role,NULL,'ADMIN_IT',NULL,NULL,'IT','แอดมิน',NULL,NULL,NULL,NULL,NULL,NULL,NULL,NULL,NULL,NULL,NULL,0,0,NULL,NULL,0,'offline'::presence_status,'active'::user_status,NULL,NULL,true,NULL,NULL,NULL,'8-char-no-thai')
on conflict (emp_id) do update set
role = excluded.role,
email = excluded.email,
name_th = excluded.name_th,
surname_th = excluded.surname_th,
nickname_th = excluded.nickname_th,
dept_th = excluded.dept_th,
pos_th = excluded.pos_th,
phone = excluded.phone,
points = excluded.points,
total_earned = excluded.total_earned,
avatar_url = excluded.avatar_url,
last_check_in = excluded.last_check_in,
check_in_count = excluded.check_in_count,
presence = excluded.presence,
status = excluded.status,
start_work_date = excluded.start_work_date,
force_password_change = excluded.force_password_change,
password_policy = excluded.password_policy,
updated_at = now();

insert into user_credentials(emp_id, password_hash, must_change) values
('002', public.sb_hash_password('1234'), true),
('056', public.sb_hash_password('1234'), true),
('75', public.sb_hash_password('1234'), true),
('94', public.sb_hash_password('1234'), true),
('1012', public.sb_hash_password('1234'), true),
('1029', public.sb_hash_password('1234'), true),
('1046', public.sb_hash_password('1234'), true),
('1066', public.sb_hash_password('1234'), true),
('1215', public.sb_hash_password('1234'), true),
('1219', public.sb_hash_password('1234'), true),
('1220', public.sb_hash_password('1234'), true),
('1277', public.sb_hash_password('1234'), true),
('1283', public.sb_hash_password('1234'), true),
('1337', public.sb_hash_password('1234'), true),
('1351', public.sb_hash_password('1234'), true),
('1368', public.sb_hash_password('1234'), true),
('1374', public.sb_hash_password('1234'), true),
('1379', public.sb_hash_password('1234'), true),
('1380', public.sb_hash_password('1234'), true),
('1401', public.sb_hash_password('1234'), true),
('1404', public.sb_hash_password('1234'), true),
('1413', public.sb_hash_password('1234'), true),
('1421', public.sb_hash_password('1234'), true),
('1438', public.sb_hash_password('1234'), true),
('1455', public.sb_hash_password('1234'), true),
('1457', public.sb_hash_password('1234'), true),
('148', public.sb_hash_password('1234'), true),
('1508', public.sb_hash_password('1234'), true),
('1519', public.sb_hash_password('1234'), true),
('1522', public.sb_hash_password('1234'), true),
('1534', public.sb_hash_password('1234'), true),
('1556', public.sb_hash_password('1234'), true),
('1562', public.sb_hash_password('1234'), true),
('1567', public.sb_hash_password('1234'), true),
('1605', public.sb_hash_password('1234'), true),
('1658', public.sb_hash_password('1234'), true),
('1669', public.sb_hash_password('1234'), true),
('1689', public.sb_hash_password('1234'), true),
('1740', public.sb_hash_password('1234'), true),
('179', public.sb_hash_password('1234'), true),
('1821', public.sb_hash_password('1234'), true),
('1822', public.sb_hash_password('1234'), true),
('1826', public.sb_hash_password('1234'), true),
('1835', public.sb_hash_password('1234'), true),
('1849', public.sb_hash_password('1234'), true),
('1853', public.sb_hash_password('1234'), true),
('1867', public.sb_hash_password('1234'), true),
('1882', public.sb_hash_password('1234'), true),
('1891', public.sb_hash_password('1234'), true),
('1926', public.sb_hash_password('1234'), true),
('1932', public.sb_hash_password('1234'), true),
('1943', public.sb_hash_password('1234'), true),
('1947', public.sb_hash_password('1234'), true),
('1985', public.sb_hash_password('1234'), true),
('1989', public.sb_hash_password('1234'), true),
('1991', public.sb_hash_password('1234'), true),
('2001', public.sb_hash_password('1234'), true),
('2008', public.sb_hash_password('1234'), true),
('202', public.sb_hash_password('1234'), true),
('2048', public.sb_hash_password('1234'), true),
('2051', public.sb_hash_password('1234'), true),
('2081', public.sb_hash_password('1234'), true),
('2092', public.sb_hash_password('1234'), true),
('2095', public.sb_hash_password('1234'), true),
('2096', public.sb_hash_password('1234'), true),
('2103', public.sb_hash_password('1234'), true),
('212', public.sb_hash_password('1234'), true),
('2134', public.sb_hash_password('1234'), true),
('2135', public.sb_hash_password('1234'), true),
('2140', public.sb_hash_password('1234'), true),
('2229', public.sb_hash_password('1234'), true),
('2230', public.sb_hash_password('1234'), true),
('2255', public.sb_hash_password('1234'), true),
('2267', public.sb_hash_password('1234'), true),
('2272', public.sb_hash_password('1234'), true),
('2275', public.sb_hash_password('1234'), true),
('2300', public.sb_hash_password('1234'), true),
('2339', public.sb_hash_password('1234'), true),
('2350', public.sb_hash_password('1234'), true),
('2374', public.sb_hash_password('1234'), true),
('2382', public.sb_hash_password('1234'), true),
('2397', public.sb_hash_password('1234'), true),
('2410', public.sb_hash_password('1234'), true),
('2428', public.sb_hash_password('1234'), true),
('2445', public.sb_hash_password('1234'), true),
('2468', public.sb_hash_password('1234'), true),
('2472', public.sb_hash_password('1234'), true),
('2474', public.sb_hash_password('1234'), true),
('2487', public.sb_hash_password('1234'), true),
('2519', public.sb_hash_password('1234'), true),
('2566', public.sb_hash_password('1234'), true),
('259', public.sb_hash_password('1234'), true),
('2590', public.sb_hash_password('1234'), true),
('2591', public.sb_hash_password('1234'), true),
('2595', public.sb_hash_password('1234'), true),
('2597', public.sb_hash_password('1234'), true),
('2607', public.sb_hash_password('1234'), true),
('2626', public.sb_hash_password('1234'), true),
('2642', public.sb_hash_password('1234'), true),
('2663', public.sb_hash_password('1234'), true),
('2664', public.sb_hash_password('1234'), true),
('2665', public.sb_hash_password('1234'), true),
('2669', public.sb_hash_password('1234'), true),
('2706', public.sb_hash_password('1234'), true),
('2709', public.sb_hash_password('1234'), true),
('2712', public.sb_hash_password('1234'), true),
('2713', public.sb_hash_password('1234'), true),
('2715', public.sb_hash_password('1234'), true),
('2717', public.sb_hash_password('1234'), true),
('2723', public.sb_hash_password('1234'), true),
('2726', public.sb_hash_password('1234'), true),
('2730', public.sb_hash_password('1234'), true),
('2731', public.sb_hash_password('1234'), true),
('2736', public.sb_hash_password('1234'), true),
('2738', public.sb_hash_password('1234'), true),
('2739', public.sb_hash_password('1234'), true),
('2740', public.sb_hash_password('1234'), true),
('2744', public.sb_hash_password('1234'), true),
('2749', public.sb_hash_password('1234'), true),
('2753', public.sb_hash_password('1234'), true),
('2769', public.sb_hash_password('1234'), true),
('2824', public.sb_hash_password('1234'), true),
('2828', public.sb_hash_password('1234'), true),
('2837', public.sb_hash_password('1234'), true),
('2874', public.sb_hash_password('1234'), true),
('2876', public.sb_hash_password('1234'), true),
('2897', public.sb_hash_password('1234'), true),
('2917', public.sb_hash_password('1234'), true),
('2936', public.sb_hash_password('1234'), true),
('2942', public.sb_hash_password('1234'), true),
('2961', public.sb_hash_password('1234'), true),
('2969', public.sb_hash_password('1234'), true),
('2970', public.sb_hash_password('1234'), true),
('2975', public.sb_hash_password('1234'), true),
('2979', public.sb_hash_password('1234'), true),
('2986', public.sb_hash_password('1234'), true),
('2991', public.sb_hash_password('1234'), true),
('2999', public.sb_hash_password('1234'), true),
('3003', public.sb_hash_password('1234'), true),
('3018', public.sb_hash_password('1234'), true),
('3021', public.sb_hash_password('1234'), true),
('3039', public.sb_hash_password('1234'), true),
('3041', public.sb_hash_password('1234'), true),
('3043', public.sb_hash_password('1234'), true),
('3044', public.sb_hash_password('1234'), true),
('3067', public.sb_hash_password('1234'), true),
('3102', public.sb_hash_password('1234'), true),
('3111', public.sb_hash_password('1234'), true),
('3112', public.sb_hash_password('1234'), true),
('3113', public.sb_hash_password('1234'), true),
('3114', public.sb_hash_password('1234'), true),
('3119', public.sb_hash_password('1234'), true),
('3149', public.sb_hash_password('1234'), true),
('3179', public.sb_hash_password('1234'), true),
('3181', public.sb_hash_password('1234'), true),
('3191', public.sb_hash_password('1234'), true),
('3239', public.sb_hash_password('1234'), true),
('3247', public.sb_hash_password('1234'), true),
('3263', public.sb_hash_password('1234'), true),
('3265', public.sb_hash_password('1234'), true),
('3302', public.sb_hash_password('1234'), true),
('3309', public.sb_hash_password('1234'), true),
('3311', public.sb_hash_password('1234'), true),
('3324', public.sb_hash_password('1234'), true),
('3326', public.sb_hash_password('1234'), true),
('3332', public.sb_hash_password('1234'), true),
('3354', public.sb_hash_password('1234'), true),
('3367', public.sb_hash_password('1234'), true),
('3380', public.sb_hash_password('1234'), true),
('339', public.sb_hash_password('1234'), true),
('3403', public.sb_hash_password('1234'), true),
('3405', public.sb_hash_password('1234'), true),
('342', public.sb_hash_password('1234'), true),
('3423', public.sb_hash_password('1234'), true),
('3424', public.sb_hash_password('1234'), true),
('3425', public.sb_hash_password('1234'), true),
('3427', public.sb_hash_password('1234'), true),
('3430', public.sb_hash_password('1234'), true),
('3434', public.sb_hash_password('1234'), true),
('3449', public.sb_hash_password('1234'), true),
('3452', public.sb_hash_password('1234'), true),
('3465', public.sb_hash_password('1234'), true),
('3477', public.sb_hash_password('1234'), true),
('3485', crypt('5678', gen_salt('bf')), true),
('3488', public.sb_hash_password('1234'), true),
('3490', public.sb_hash_password('1234'), true),
('3494', public.sb_hash_password('1234'), true),
('3524', public.sb_hash_password('1234'), true),
('3531', public.sb_hash_password('1234'), true),
('3533', public.sb_hash_password('1234'), true),
('3534', public.sb_hash_password('1234'), true),
('3540', public.sb_hash_password('1234'), true),
('3541', public.sb_hash_password('1234'), true),
('3554', public.sb_hash_password('1234'), true),
('3556', public.sb_hash_password('1234'), true),
('3565', public.sb_hash_password('1234'), true),
('3599', public.sb_hash_password('1234'), true),
('3604', public.sb_hash_password('1234'), true),
('3608', public.sb_hash_password('1234'), true),
('3617', public.sb_hash_password('1234'), true),
('3619', public.sb_hash_password('1234'), true),
('3620', public.sb_hash_password('1234'), true),
('3621', public.sb_hash_password('1234'), true),
('3622', public.sb_hash_password('1234'), true),
('3624', public.sb_hash_password('1234'), true),
('3627', public.sb_hash_password('1234'), true),
('3630', public.sb_hash_password('1234'), true),
('3631', public.sb_hash_password('1234'), true),
('3632', public.sb_hash_password('1234'), true),
('3633', public.sb_hash_password('1234'), true),
('3634', public.sb_hash_password('1234'), true),
('3636', public.sb_hash_password('1234'), true),
('3641', public.sb_hash_password('1234'), true),
('3642', public.sb_hash_password('1234'), true),
('3643', public.sb_hash_password('1234'), true),
('3645', public.sb_hash_password('1234'), true),
('3647', public.sb_hash_password('1234'), true),
('3648', public.sb_hash_password('1234'), true),
('3652', public.sb_hash_password('1234'), true),
('3656', public.sb_hash_password('1234'), true),
('3658', public.sb_hash_password('1234'), true),
('3669', public.sb_hash_password('1234'), true),
('3672', crypt('9e1da9c48873311adcd58149a7d0b2ac3ef5a1fb7e0ab7bc1ede88c51dff5556', gen_salt('bf')), true),
('3685', public.sb_hash_password('1234'), true),
('3696', public.sb_hash_password('1234'), true),
('3697', public.sb_hash_password('1234'), true),
('3698', public.sb_hash_password('1234'), true),
('3700', public.sb_hash_password('1234'), true),
('3701', public.sb_hash_password('1234'), true),
('3702', public.sb_hash_password('1234'), true),
('3703', public.sb_hash_password('1234'), true),
('3704', public.sb_hash_password('1234'), true),
('3705', public.sb_hash_password('1234'), true),
('3706', public.sb_hash_password('1234'), true),
('3707', public.sb_hash_password('1234'), true),
('3709', public.sb_hash_password('1234'), true),
('3711', public.sb_hash_password('1234'), true),
('3715', public.sb_hash_password('1234'), true),
('3718', public.sb_hash_password('1234'), true),
('3719', public.sb_hash_password('1234'), true),
('3720', public.sb_hash_password('1234'), true),
('3721', public.sb_hash_password('1234'), true),
('3722', public.sb_hash_password('1234'), true),
('3723', public.sb_hash_password('1234'), true),
('3725', public.sb_hash_password('1234'), true),
('3726', public.sb_hash_password('1234'), true),
('3727', public.sb_hash_password('1234'), true),
('3728', public.sb_hash_password('1234'), true),
('3729', public.sb_hash_password('1234'), true),
('3732', public.sb_hash_password('1234'), true),
('3733', public.sb_hash_password('1234'), true),
('3736', public.sb_hash_password('1234'), true),
('3739', public.sb_hash_password('1234'), true),
('3741', public.sb_hash_password('1234'), true),
('3743', public.sb_hash_password('1234'), true),
('3746', public.sb_hash_password('1234'), true),
('3751', public.sb_hash_password('1234'), true),
('3753', public.sb_hash_password('1234'), true),
('3754', public.sb_hash_password('1234'), true),
('3755', public.sb_hash_password('1234'), true),
('3756', public.sb_hash_password('1234'), true),
('3758', public.sb_hash_password('1234'), true),
('3766', public.sb_hash_password('1234'), true),
('3768', public.sb_hash_password('1234'), true),
('3769', public.sb_hash_password('1234'), true),
('3772', public.sb_hash_password('1234'), true),
('3775', public.sb_hash_password('1234'), true),
('3776', public.sb_hash_password('1234'), true),
('3777', crypt('03ac674216f3e15c761ee1a5e255f067953623c8b388b4459e13f978d7c846f4', gen_salt('bf')), true),
('3783', public.sb_hash_password('1234'), true),
('3784', public.sb_hash_password('1234'), true),
('3786', public.sb_hash_password('1234'), true),
('3788', public.sb_hash_password('1234'), true),
('3792', public.sb_hash_password('1234'), true),
('3794', public.sb_hash_password('1234'), true),
('3795', public.sb_hash_password('1234'), true),
('3796', public.sb_hash_password('1234'), true),
('3800', public.sb_hash_password('1234'), true),
('3804', public.sb_hash_password('1234'), true),
('3806', public.sb_hash_password('1234'), true),
('3809', public.sb_hash_password('1234'), true),
('3811', public.sb_hash_password('1234'), true),
('3816', public.sb_hash_password('1234'), true),
('3821', public.sb_hash_password('1234'), true),
('3822', public.sb_hash_password('1234'), true),
('3823', public.sb_hash_password('1234'), true),
('3824', public.sb_hash_password('1234'), true),
('3826', public.sb_hash_password('1234'), true),
('3827', public.sb_hash_password('1234'), true),
('3828', public.sb_hash_password('1234'), true),
('3829', public.sb_hash_password('1234'), true),
('3831', public.sb_hash_password('1234'), true),
('3832', public.sb_hash_password('1234'), true),
('3835', public.sb_hash_password('1234'), true),
('3836', public.sb_hash_password('1234'), true),
('3838', public.sb_hash_password('1234'), true),
('3840', public.sb_hash_password('1234'), true),
('3841', public.sb_hash_password('1234'), true),
('3842', public.sb_hash_password('1234'), true),
('3844', public.sb_hash_password('1234'), true),
('3845', public.sb_hash_password('1234'), true),
('3846', public.sb_hash_password('1234'), true),
('3847', public.sb_hash_password('1234'), true),
('3848', public.sb_hash_password('1234'), true),
('3849', public.sb_hash_password('1234'), true),
('485', public.sb_hash_password('1234'), true),
('542', public.sb_hash_password('1234'), true),
('592', public.sb_hash_password('1234'), true),
('622', public.sb_hash_password('1234'), true),
('634', public.sb_hash_password('1234'), true),
('639', public.sb_hash_password('1234'), true),
('678', public.sb_hash_password('1234'), true),
('692', public.sb_hash_password('1234'), true),
('698', public.sb_hash_password('1234'), true),
('699', public.sb_hash_password('1234'), true),
('719', public.sb_hash_password('1234'), true),
('726', public.sb_hash_password('1234'), true),
('742', public.sb_hash_password('1234'), true),
('761', public.sb_hash_password('1234'), true),
('781', public.sb_hash_password('1234'), true),
('793', public.sb_hash_password('1234'), true),
('804', public.sb_hash_password('1234'), true),
('805', public.sb_hash_password('1234'), true),
('835', public.sb_hash_password('1234'), true),
('840', public.sb_hash_password('1234'), true),
('846', public.sb_hash_password('1234'), true),
('859', public.sb_hash_password('1234'), true),
('880', public.sb_hash_password('1234'), true),
('881', public.sb_hash_password('1234'), true),
('893', public.sb_hash_password('1234'), true),
('940', public.sb_hash_password('1234'), true),
('985', public.sb_hash_password('1234'), true),
('996', public.sb_hash_password('1234'), true),
('admin1', crypt('ac9689e2272427085e35b9d3e3e8bed88cb3434828b43b86fc0596cad4c6e270', gen_salt('bf')), true)
on conflict (emp_id) do nothing;

insert into holidays(holiday_date, year, month, day, weekday, weekday_th, is_weekend, is_holiday, holiday_name, holiday_type, is_workday, note, created_at) values
('2026-01-01'::date,2026,1,1,4,'พฤหัสบดี',false,true,'วันขึ้นปีใหม่','Public Holiday',false,'ตรวจสอบวันหยุดชดเชยตามประกาศบริษัท','2026-05-27 17:59:58'::timestamptz),
('2026-01-02'::date,2026,1,2,5,'ศุกร์',false,false,NULL,NULL,true,NULL,'2026-05-27 17:59:58'::timestamptz),
('2026-01-03'::date,2026,1,3,6,'เสาร์',true,false,NULL,NULL,false,NULL,'2026-05-27 17:59:58'::timestamptz),
('2026-01-04'::date,2026,1,4,0,'อาทิตย์',true,false,NULL,NULL,false,NULL,'2026-05-27 17:59:58'::timestamptz),
('2026-01-05'::date,2026,1,5,1,'จันทร์',false,false,NULL,NULL,true,NULL,'2026-05-27 17:59:58'::timestamptz),
('2026-01-06'::date,2026,1,6,2,'อังคาร',false,false,NULL,NULL,true,NULL,'2026-05-27 17:59:58'::timestamptz),
('2026-01-07'::date,2026,1,7,3,'พุธ',false,false,NULL,NULL,true,NULL,'2026-05-27 17:59:58'::timestamptz),
('2026-01-08'::date,2026,1,8,4,'พฤหัสบดี',false,false,NULL,NULL,true,NULL,'2026-05-27 17:59:58'::timestamptz),
('2026-01-09'::date,2026,1,9,5,'ศุกร์',false,false,NULL,NULL,true,NULL,'2026-05-27 17:59:58'::timestamptz),
('2026-01-10'::date,2026,1,10,6,'เสาร์',true,false,NULL,NULL,false,NULL,'2026-05-27 17:59:58'::timestamptz),
('2026-01-11'::date,2026,1,11,0,'อาทิตย์',true,false,NULL,NULL,false,NULL,'2026-05-27 17:59:58'::timestamptz),
('2026-01-12'::date,2026,1,12,1,'จันทร์',false,false,NULL,NULL,true,NULL,'2026-05-27 17:59:58'::timestamptz),
('2026-01-13'::date,2026,1,13,2,'อังคาร',false,false,NULL,NULL,true,NULL,'2026-05-27 17:59:58'::timestamptz),
('2026-01-14'::date,2026,1,14,3,'พุธ',false,false,NULL,NULL,true,NULL,'2026-05-27 17:59:58'::timestamptz),
('2026-01-15'::date,2026,1,15,4,'พฤหัสบดี',false,false,NULL,NULL,true,NULL,'2026-05-27 17:59:58'::timestamptz),
('2026-01-16'::date,2026,1,16,5,'ศุกร์',false,false,NULL,NULL,true,NULL,'2026-05-27 17:59:58'::timestamptz),
('2026-01-17'::date,2026,1,17,6,'เสาร์',true,false,NULL,NULL,false,NULL,'2026-05-27 17:59:58'::timestamptz),
('2026-01-18'::date,2026,1,18,0,'อาทิตย์',true,false,NULL,NULL,false,NULL,'2026-05-27 17:59:58'::timestamptz),
('2026-01-19'::date,2026,1,19,1,'จันทร์',false,false,NULL,NULL,true,NULL,'2026-05-27 17:59:58'::timestamptz),
('2026-01-20'::date,2026,1,20,2,'อังคาร',false,false,NULL,NULL,true,NULL,'2026-05-27 17:59:58'::timestamptz),
('2026-01-21'::date,2026,1,21,3,'พุธ',false,false,NULL,NULL,true,NULL,'2026-05-27 17:59:58'::timestamptz),
('2026-01-22'::date,2026,1,22,4,'พฤหัสบดี',false,false,NULL,NULL,true,NULL,'2026-05-27 17:59:58'::timestamptz),
('2026-01-23'::date,2026,1,23,5,'ศุกร์',false,false,NULL,NULL,true,NULL,'2026-05-27 17:59:58'::timestamptz),
('2026-01-24'::date,2026,1,24,6,'เสาร์',true,false,NULL,NULL,false,NULL,'2026-05-27 17:59:58'::timestamptz),
('2026-01-25'::date,2026,1,25,0,'อาทิตย์',true,false,NULL,NULL,false,NULL,'2026-05-27 17:59:58'::timestamptz),
('2026-01-26'::date,2026,1,26,1,'จันทร์',false,false,NULL,NULL,true,NULL,'2026-05-27 17:59:58'::timestamptz),
('2026-01-27'::date,2026,1,27,2,'อังคาร',false,false,NULL,NULL,true,NULL,'2026-05-27 17:59:58'::timestamptz),
('2026-01-28'::date,2026,1,28,3,'พุธ',false,false,NULL,NULL,true,NULL,'2026-05-27 17:59:58'::timestamptz),
('2026-01-29'::date,2026,1,29,4,'พฤหัสบดี',false,false,NULL,NULL,true,NULL,'2026-05-27 17:59:58'::timestamptz),
('2026-01-30'::date,2026,1,30,5,'ศุกร์',false,false,NULL,NULL,true,NULL,'2026-05-27 17:59:58'::timestamptz),
('2026-01-31'::date,2026,1,31,6,'เสาร์',true,false,NULL,NULL,false,NULL,'2026-05-27 17:59:58'::timestamptz),
('2026-02-01'::date,2026,2,1,0,'อาทิตย์',true,false,NULL,NULL,false,NULL,'2026-05-27 17:59:58'::timestamptz),
('2026-02-02'::date,2026,2,2,1,'จันทร์',false,false,NULL,NULL,true,NULL,'2026-05-27 17:59:58'::timestamptz),
('2026-02-03'::date,2026,2,3,2,'อังคาร',false,false,NULL,NULL,true,NULL,'2026-05-27 17:59:58'::timestamptz),
('2026-02-04'::date,2026,2,4,3,'พุธ',false,false,NULL,NULL,true,NULL,'2026-05-27 17:59:58'::timestamptz),
('2026-02-05'::date,2026,2,5,4,'พฤหัสบดี',false,false,NULL,NULL,true,NULL,'2026-05-27 17:59:58'::timestamptz),
('2026-02-06'::date,2026,2,6,5,'ศุกร์',false,false,NULL,NULL,true,NULL,'2026-05-27 17:59:58'::timestamptz),
('2026-02-07'::date,2026,2,7,6,'เสาร์',true,false,NULL,NULL,false,NULL,'2026-05-27 17:59:58'::timestamptz),
('2026-02-08'::date,2026,2,8,0,'อาทิตย์',true,false,NULL,NULL,false,NULL,'2026-05-27 17:59:58'::timestamptz),
('2026-02-09'::date,2026,2,9,1,'จันทร์',false,false,NULL,NULL,true,NULL,'2026-05-27 17:59:58'::timestamptz),
('2026-02-10'::date,2026,2,10,2,'อังคาร',false,false,NULL,NULL,true,NULL,'2026-05-27 17:59:58'::timestamptz),
('2026-02-11'::date,2026,2,11,3,'พุธ',false,false,NULL,NULL,true,NULL,'2026-05-27 17:59:58'::timestamptz),
('2026-02-12'::date,2026,2,12,4,'พฤหัสบดี',false,false,NULL,NULL,true,NULL,'2026-05-27 17:59:58'::timestamptz),
('2026-02-13'::date,2026,2,13,5,'ศุกร์',false,false,NULL,NULL,true,NULL,'2026-05-27 17:59:58'::timestamptz),
('2026-02-14'::date,2026,2,14,6,'เสาร์',true,false,NULL,NULL,false,NULL,'2026-05-27 17:59:58'::timestamptz),
('2026-02-15'::date,2026,2,15,0,'อาทิตย์',true,false,NULL,NULL,false,NULL,'2026-05-27 17:59:58'::timestamptz),
('2026-02-16'::date,2026,2,16,1,'จันทร์',false,false,NULL,NULL,true,NULL,'2026-05-27 17:59:58'::timestamptz),
('2026-02-17'::date,2026,2,17,2,'อังคาร',false,false,NULL,NULL,true,NULL,'2026-05-27 17:59:58'::timestamptz),
('2026-02-18'::date,2026,2,18,3,'พุธ',false,false,NULL,NULL,true,NULL,'2026-05-27 17:59:58'::timestamptz),
('2026-02-19'::date,2026,2,19,4,'พฤหัสบดี',false,false,NULL,NULL,true,NULL,'2026-05-27 17:59:58'::timestamptz),
('2026-02-20'::date,2026,2,20,5,'ศุกร์',false,false,NULL,NULL,true,NULL,'2026-05-27 17:59:58'::timestamptz),
('2026-02-21'::date,2026,2,21,6,'เสาร์',true,false,NULL,NULL,false,NULL,'2026-05-27 17:59:58'::timestamptz),
('2026-02-22'::date,2026,2,22,0,'อาทิตย์',true,false,NULL,NULL,false,NULL,'2026-05-27 17:59:58'::timestamptz),
('2026-02-23'::date,2026,2,23,1,'จันทร์',false,false,NULL,NULL,true,NULL,'2026-05-27 17:59:58'::timestamptz),
('2026-02-24'::date,2026,2,24,2,'อังคาร',false,false,NULL,NULL,true,NULL,'2026-05-27 17:59:58'::timestamptz),
('2026-02-25'::date,2026,2,25,3,'พุธ',false,false,NULL,NULL,true,NULL,'2026-05-27 17:59:58'::timestamptz),
('2026-02-26'::date,2026,2,26,4,'พฤหัสบดี',false,false,NULL,NULL,true,NULL,'2026-05-27 17:59:58'::timestamptz),
('2026-02-27'::date,2026,2,27,5,'ศุกร์',false,false,NULL,NULL,true,NULL,'2026-05-27 17:59:58'::timestamptz),
('2026-02-28'::date,2026,2,28,6,'เสาร์',true,false,NULL,NULL,false,NULL,'2026-05-27 17:59:58'::timestamptz),
('2026-03-01'::date,2026,3,1,0,'อาทิตย์',true,false,NULL,NULL,false,NULL,'2026-05-27 17:59:58'::timestamptz),
('2026-03-02'::date,2026,3,2,1,'จันทร์',false,false,NULL,NULL,true,NULL,'2026-05-27 17:59:58'::timestamptz),
('2026-03-03'::date,2026,3,3,2,'อังคาร',false,false,NULL,NULL,true,NULL,'2026-05-27 17:59:58'::timestamptz),
('2026-03-04'::date,2026,3,4,3,'พุธ',false,false,NULL,NULL,true,NULL,'2026-05-27 17:59:58'::timestamptz),
('2026-03-05'::date,2026,3,5,4,'พฤหัสบดี',false,false,NULL,NULL,true,NULL,'2026-05-27 17:59:58'::timestamptz),
('2026-03-06'::date,2026,3,6,5,'ศุกร์',false,false,NULL,NULL,true,NULL,'2026-05-27 17:59:58'::timestamptz),
('2026-03-07'::date,2026,3,7,6,'เสาร์',true,false,NULL,NULL,false,NULL,'2026-05-27 17:59:58'::timestamptz),
('2026-03-08'::date,2026,3,8,0,'อาทิตย์',true,false,NULL,NULL,false,NULL,'2026-05-27 17:59:58'::timestamptz),
('2026-03-09'::date,2026,3,9,1,'จันทร์',false,false,NULL,NULL,true,NULL,'2026-05-27 17:59:58'::timestamptz),
('2026-03-10'::date,2026,3,10,2,'อังคาร',false,false,NULL,NULL,true,NULL,'2026-05-27 17:59:58'::timestamptz),
('2026-03-11'::date,2026,3,11,3,'พุธ',false,false,NULL,NULL,true,NULL,'2026-05-27 17:59:58'::timestamptz),
('2026-03-12'::date,2026,3,12,4,'พฤหัสบดี',false,false,NULL,NULL,true,NULL,'2026-05-27 17:59:58'::timestamptz),
('2026-03-13'::date,2026,3,13,5,'ศุกร์',false,false,NULL,NULL,true,NULL,'2026-05-27 17:59:58'::timestamptz),
('2026-03-14'::date,2026,3,14,6,'เสาร์',true,false,NULL,NULL,false,NULL,'2026-05-27 17:59:58'::timestamptz),
('2026-03-15'::date,2026,3,15,0,'อาทิตย์',true,false,NULL,NULL,false,NULL,'2026-05-27 17:59:58'::timestamptz),
('2026-03-16'::date,2026,3,16,1,'จันทร์',false,false,NULL,NULL,true,NULL,'2026-05-27 17:59:58'::timestamptz),
('2026-03-17'::date,2026,3,17,2,'อังคาร',false,false,NULL,NULL,true,NULL,'2026-05-27 17:59:58'::timestamptz),
('2026-03-18'::date,2026,3,18,3,'พุธ',false,false,NULL,NULL,true,NULL,'2026-05-27 17:59:58'::timestamptz),
('2026-03-19'::date,2026,3,19,4,'พฤหัสบดี',false,false,NULL,NULL,true,NULL,'2026-05-27 17:59:58'::timestamptz),
('2026-03-20'::date,2026,3,20,5,'ศุกร์',false,false,NULL,NULL,true,NULL,'2026-05-27 17:59:58'::timestamptz),
('2026-03-21'::date,2026,3,21,6,'เสาร์',true,false,NULL,NULL,false,NULL,'2026-05-27 17:59:58'::timestamptz),
('2026-03-22'::date,2026,3,22,0,'อาทิตย์',true,false,NULL,NULL,false,NULL,'2026-05-27 17:59:58'::timestamptz),
('2026-03-23'::date,2026,3,23,1,'จันทร์',false,false,NULL,NULL,true,NULL,'2026-05-27 17:59:58'::timestamptz),
('2026-03-24'::date,2026,3,24,2,'อังคาร',false,false,NULL,NULL,true,NULL,'2026-05-27 17:59:58'::timestamptz),
('2026-03-25'::date,2026,3,25,3,'พุธ',false,false,NULL,NULL,true,NULL,'2026-05-27 17:59:58'::timestamptz),
('2026-03-26'::date,2026,3,26,4,'พฤหัสบดี',false,false,NULL,NULL,true,NULL,'2026-05-27 17:59:58'::timestamptz),
('2026-03-27'::date,2026,3,27,5,'ศุกร์',false,false,NULL,NULL,true,NULL,'2026-05-27 17:59:58'::timestamptz),
('2026-03-28'::date,2026,3,28,6,'เสาร์',true,false,NULL,NULL,false,NULL,'2026-05-27 17:59:58'::timestamptz),
('2026-03-29'::date,2026,3,29,0,'อาทิตย์',true,false,NULL,NULL,false,NULL,'2026-05-27 17:59:58'::timestamptz),
('2026-03-30'::date,2026,3,30,1,'จันทร์',false,false,NULL,NULL,true,NULL,'2026-05-27 17:59:58'::timestamptz),
('2026-03-31'::date,2026,3,31,2,'อังคาร',false,false,NULL,NULL,true,NULL,'2026-05-27 17:59:58'::timestamptz),
('2026-04-01'::date,2026,4,1,3,'พุธ',false,false,NULL,NULL,true,NULL,'2026-05-27 17:59:58'::timestamptz),
('2026-04-02'::date,2026,4,2,4,'พฤหัสบดี',false,false,NULL,NULL,true,NULL,'2026-05-27 17:59:58'::timestamptz),
('2026-04-03'::date,2026,4,3,5,'ศุกร์',false,false,NULL,NULL,true,NULL,'2026-05-27 17:59:58'::timestamptz),
('2026-04-04'::date,2026,4,4,6,'เสาร์',true,false,NULL,NULL,false,NULL,'2026-05-27 17:59:58'::timestamptz),
('2026-04-05'::date,2026,4,5,0,'อาทิตย์',true,false,NULL,NULL,false,NULL,'2026-05-27 17:59:58'::timestamptz),
('2026-04-06'::date,2026,4,6,1,'จันทร์',false,true,'วันจักรี','Public Holiday',false,NULL,'2026-05-27 17:59:58'::timestamptz),
('2026-04-07'::date,2026,4,7,2,'อังคาร',false,false,NULL,NULL,true,NULL,'2026-05-27 17:59:58'::timestamptz),
('2026-04-08'::date,2026,4,8,3,'พุธ',false,false,NULL,NULL,true,NULL,'2026-05-27 17:59:58'::timestamptz),
('2026-04-09'::date,2026,4,9,4,'พฤหัสบดี',false,false,NULL,NULL,true,NULL,'2026-05-27 17:59:58'::timestamptz),
('2026-04-10'::date,2026,4,10,5,'ศุกร์',false,false,NULL,NULL,true,NULL,'2026-05-27 17:59:58'::timestamptz),
('2026-04-11'::date,2026,4,11,6,'เสาร์',true,false,NULL,NULL,false,NULL,'2026-05-27 17:59:58'::timestamptz),
('2026-04-12'::date,2026,4,12,0,'อาทิตย์',true,false,NULL,NULL,false,NULL,'2026-05-27 17:59:58'::timestamptz),
('2026-04-13'::date,2026,4,13,1,'จันทร์',false,true,'วันสงกรานต์','Public Holiday',false,NULL,'2026-05-27 17:59:58'::timestamptz),
('2026-04-14'::date,2026,4,14,2,'อังคาร',false,true,'วันสงกรานต์','Public Holiday',false,NULL,'2026-05-27 17:59:58'::timestamptz),
('2026-04-15'::date,2026,4,15,3,'พุธ',false,true,'วันสงกรานต์','Public Holiday',false,NULL,'2026-05-27 17:59:58'::timestamptz),
('2026-04-16'::date,2026,4,16,4,'พฤหัสบดี',false,false,NULL,NULL,true,NULL,'2026-05-27 17:59:58'::timestamptz),
('2026-04-17'::date,2026,4,17,5,'ศุกร์',false,false,NULL,NULL,true,NULL,'2026-05-27 17:59:58'::timestamptz),
('2026-04-18'::date,2026,4,18,6,'เสาร์',true,false,NULL,NULL,false,NULL,'2026-05-27 17:59:58'::timestamptz),
('2026-04-19'::date,2026,4,19,0,'อาทิตย์',true,false,NULL,NULL,false,NULL,'2026-05-27 17:59:58'::timestamptz),
('2026-04-20'::date,2026,4,20,1,'จันทร์',false,false,NULL,NULL,true,NULL,'2026-05-27 17:59:58'::timestamptz),
('2026-04-21'::date,2026,4,21,2,'อังคาร',false,false,NULL,NULL,true,NULL,'2026-05-27 17:59:58'::timestamptz),
('2026-04-22'::date,2026,4,22,3,'พุธ',false,false,NULL,NULL,true,NULL,'2026-05-27 17:59:58'::timestamptz),
('2026-04-23'::date,2026,4,23,4,'พฤหัสบดี',false,false,NULL,NULL,true,NULL,'2026-05-27 17:59:58'::timestamptz),
('2026-04-24'::date,2026,4,24,5,'ศุกร์',false,false,NULL,NULL,true,NULL,'2026-05-27 17:59:58'::timestamptz),
('2026-04-25'::date,2026,4,25,6,'เสาร์',true,false,NULL,NULL,false,NULL,'2026-05-27 17:59:58'::timestamptz),
('2026-04-26'::date,2026,4,26,0,'อาทิตย์',true,false,NULL,NULL,false,NULL,'2026-05-27 17:59:58'::timestamptz),
('2026-04-27'::date,2026,4,27,1,'จันทร์',false,false,NULL,NULL,true,NULL,'2026-05-27 17:59:58'::timestamptz),
('2026-04-28'::date,2026,4,28,2,'อังคาร',false,false,NULL,NULL,true,NULL,'2026-05-27 17:59:58'::timestamptz),
('2026-04-29'::date,2026,4,29,3,'พุธ',false,false,NULL,NULL,true,NULL,'2026-05-27 17:59:58'::timestamptz),
('2026-04-30'::date,2026,4,30,4,'พฤหัสบดี',false,false,NULL,NULL,true,NULL,'2026-05-27 17:59:58'::timestamptz),
('2026-05-01'::date,2026,5,1,5,'ศุกร์',false,true,'วันแรงงานแห่งชาติ','Company Holiday',false,NULL,'2026-05-27 17:59:58'::timestamptz),
('2026-05-02'::date,2026,5,2,6,'เสาร์',true,false,NULL,NULL,false,NULL,'2026-05-27 17:59:58'::timestamptz),
('2026-05-03'::date,2026,5,3,0,'อาทิตย์',true,false,NULL,NULL,false,NULL,'2026-05-27 17:59:58'::timestamptz),
('2026-05-04'::date,2026,5,4,1,'จันทร์',false,true,'วันฉัตรมงคล','Public Holiday',false,NULL,'2026-05-27 17:59:58'::timestamptz),
('2026-05-05'::date,2026,5,5,2,'อังคาร',false,false,NULL,NULL,true,NULL,'2026-05-27 17:59:58'::timestamptz),
('2026-05-06'::date,2026,5,6,3,'พุธ',false,false,NULL,NULL,true,NULL,'2026-05-27 17:59:58'::timestamptz),
('2026-05-07'::date,2026,5,7,4,'พฤหัสบดี',false,false,NULL,NULL,true,NULL,'2026-05-27 17:59:58'::timestamptz),
('2026-05-08'::date,2026,5,8,5,'ศุกร์',false,false,NULL,NULL,true,NULL,'2026-05-27 17:59:58'::timestamptz),
('2026-05-09'::date,2026,5,9,6,'เสาร์',true,false,NULL,NULL,false,NULL,'2026-05-27 17:59:58'::timestamptz),
('2026-05-10'::date,2026,5,10,0,'อาทิตย์',true,false,NULL,NULL,false,NULL,'2026-05-27 17:59:58'::timestamptz),
('2026-05-11'::date,2026,5,11,1,'จันทร์',false,false,NULL,NULL,true,NULL,'2026-05-27 17:59:58'::timestamptz),
('2026-05-12'::date,2026,5,12,2,'อังคาร',false,false,NULL,NULL,true,NULL,'2026-05-27 17:59:58'::timestamptz),
('2026-05-13'::date,2026,5,13,3,'พุธ',false,false,NULL,NULL,true,NULL,'2026-05-27 17:59:58'::timestamptz),
('2026-05-14'::date,2026,5,14,4,'พฤหัสบดี',false,false,NULL,NULL,true,NULL,'2026-05-27 17:59:58'::timestamptz),
('2026-05-15'::date,2026,5,15,5,'ศุกร์',false,false,NULL,NULL,true,NULL,'2026-05-27 17:59:58'::timestamptz),
('2026-05-16'::date,2026,5,16,6,'เสาร์',true,false,NULL,NULL,false,NULL,'2026-05-27 17:59:58'::timestamptz),
('2026-05-17'::date,2026,5,17,0,'อาทิตย์',true,false,NULL,NULL,false,NULL,'2026-05-27 17:59:58'::timestamptz),
('2026-05-18'::date,2026,5,18,1,'จันทร์',false,false,NULL,NULL,true,NULL,'2026-05-27 17:59:58'::timestamptz),
('2026-05-19'::date,2026,5,19,2,'อังคาร',false,false,NULL,NULL,true,NULL,'2026-05-27 17:59:58'::timestamptz),
('2026-05-20'::date,2026,5,20,3,'พุธ',false,false,NULL,NULL,true,NULL,'2026-05-27 17:59:58'::timestamptz),
('2026-05-21'::date,2026,5,21,4,'พฤหัสบดี',false,false,NULL,NULL,true,NULL,'2026-05-27 17:59:58'::timestamptz),
('2026-05-22'::date,2026,5,22,5,'ศุกร์',false,false,NULL,NULL,true,NULL,'2026-05-27 17:59:58'::timestamptz),
('2026-05-23'::date,2026,5,23,6,'เสาร์',true,false,NULL,NULL,false,NULL,'2026-05-27 17:59:58'::timestamptz),
('2026-05-24'::date,2026,5,24,0,'อาทิตย์',true,false,NULL,NULL,false,NULL,'2026-05-27 17:59:58'::timestamptz),
('2026-05-25'::date,2026,5,25,1,'จันทร์',false,false,NULL,NULL,true,NULL,'2026-05-27 17:59:58'::timestamptz),
('2026-05-26'::date,2026,5,26,2,'อังคาร',false,false,NULL,NULL,true,NULL,'2026-05-27 17:59:58'::timestamptz),
('2026-05-27'::date,2026,5,27,3,'พุธ',false,false,NULL,NULL,true,NULL,'2026-05-27 17:59:58'::timestamptz),
('2026-05-28'::date,2026,5,28,4,'พฤหัสบดี',false,false,NULL,NULL,true,NULL,'2026-05-27 17:59:58'::timestamptz),
('2026-05-29'::date,2026,5,29,5,'ศุกร์',false,false,NULL,NULL,true,NULL,'2026-05-27 17:59:58'::timestamptz),
('2026-05-30'::date,2026,5,30,6,'เสาร์',true,false,NULL,NULL,false,NULL,'2026-05-27 17:59:58'::timestamptz),
('2026-05-31'::date,2026,5,31,0,'อาทิตย์',true,false,NULL,NULL,false,NULL,'2026-05-27 17:59:58'::timestamptz),
('2026-06-01'::date,2026,6,1,1,'จันทร์',false,false,NULL,NULL,true,NULL,'2026-05-27 17:59:58'::timestamptz),
('2026-06-02'::date,2026,6,2,2,'อังคาร',false,false,NULL,NULL,true,NULL,'2026-05-27 17:59:58'::timestamptz),
('2026-06-03'::date,2026,6,3,3,'พุธ',false,true,'วันเฉลิมพระชนมพรรษาสมเด็จพระราชินี','Public Holiday',false,NULL,'2026-05-27 17:59:58'::timestamptz),
('2026-06-04'::date,2026,6,4,4,'พฤหัสบดี',false,false,NULL,NULL,true,NULL,'2026-05-27 17:59:58'::timestamptz),
('2026-06-05'::date,2026,6,5,5,'ศุกร์',false,false,NULL,NULL,true,NULL,'2026-05-27 17:59:58'::timestamptz),
('2026-06-06'::date,2026,6,6,6,'เสาร์',true,false,NULL,NULL,false,NULL,'2026-05-27 17:59:58'::timestamptz),
('2026-06-07'::date,2026,6,7,0,'อาทิตย์',true,false,NULL,NULL,false,NULL,'2026-05-27 17:59:58'::timestamptz),
('2026-06-08'::date,2026,6,8,1,'จันทร์',false,false,NULL,NULL,true,NULL,'2026-05-27 17:59:58'::timestamptz),
('2026-06-09'::date,2026,6,9,2,'อังคาร',false,false,NULL,NULL,true,NULL,'2026-05-27 17:59:58'::timestamptz),
('2026-06-10'::date,2026,6,10,3,'พุธ',false,false,NULL,NULL,true,NULL,'2026-05-27 17:59:58'::timestamptz),
('2026-06-11'::date,2026,6,11,4,'พฤหัสบดี',false,false,NULL,NULL,true,NULL,'2026-05-27 17:59:58'::timestamptz),
('2026-06-12'::date,2026,6,12,5,'ศุกร์',false,false,NULL,NULL,true,NULL,'2026-05-27 17:59:58'::timestamptz),
('2026-06-13'::date,2026,6,13,6,'เสาร์',true,false,NULL,NULL,false,NULL,'2026-05-27 17:59:58'::timestamptz),
('2026-06-14'::date,2026,6,14,0,'อาทิตย์',true,false,NULL,NULL,false,NULL,'2026-05-27 17:59:58'::timestamptz),
('2026-06-15'::date,2026,6,15,1,'จันทร์',false,false,NULL,NULL,true,NULL,'2026-05-27 17:59:58'::timestamptz),
('2026-06-16'::date,2026,6,16,2,'อังคาร',false,false,NULL,NULL,true,NULL,'2026-05-27 17:59:58'::timestamptz),
('2026-06-17'::date,2026,6,17,3,'พุธ',false,false,NULL,NULL,true,NULL,'2026-05-27 17:59:58'::timestamptz),
('2026-06-18'::date,2026,6,18,4,'พฤหัสบดี',false,false,NULL,NULL,true,NULL,'2026-05-27 17:59:58'::timestamptz),
('2026-06-19'::date,2026,6,19,5,'ศุกร์',false,false,NULL,NULL,true,NULL,'2026-05-27 17:59:58'::timestamptz),
('2026-06-20'::date,2026,6,20,6,'เสาร์',true,false,NULL,NULL,false,NULL,'2026-05-27 17:59:58'::timestamptz),
('2026-06-21'::date,2026,6,21,0,'อาทิตย์',true,false,NULL,NULL,false,NULL,'2026-05-27 17:59:58'::timestamptz),
('2026-06-22'::date,2026,6,22,1,'จันทร์',false,false,NULL,NULL,true,NULL,'2026-05-27 17:59:58'::timestamptz),
('2026-06-23'::date,2026,6,23,2,'อังคาร',false,false,NULL,NULL,true,NULL,'2026-05-27 17:59:58'::timestamptz),
('2026-06-24'::date,2026,6,24,3,'พุธ',false,false,NULL,NULL,true,NULL,'2026-05-27 17:59:58'::timestamptz),
('2026-06-25'::date,2026,6,25,4,'พฤหัสบดี',false,false,NULL,NULL,true,NULL,'2026-05-27 17:59:58'::timestamptz),
('2026-06-26'::date,2026,6,26,5,'ศุกร์',false,false,NULL,NULL,true,NULL,'2026-05-27 17:59:58'::timestamptz),
('2026-06-27'::date,2026,6,27,6,'เสาร์',true,false,NULL,NULL,false,NULL,'2026-05-27 17:59:58'::timestamptz),
('2026-06-28'::date,2026,6,28,0,'อาทิตย์',true,false,NULL,NULL,false,NULL,'2026-05-27 17:59:58'::timestamptz),
('2026-06-29'::date,2026,6,29,1,'จันทร์',false,false,NULL,NULL,true,NULL,'2026-05-27 17:59:58'::timestamptz),
('2026-06-30'::date,2026,6,30,2,'อังคาร',false,false,NULL,NULL,true,NULL,'2026-05-27 17:59:58'::timestamptz),
('2026-07-01'::date,2026,7,1,3,'พุธ',false,false,NULL,NULL,true,NULL,'2026-05-27 17:59:58'::timestamptz),
('2026-07-02'::date,2026,7,2,4,'พฤหัสบดี',false,false,NULL,NULL,true,NULL,'2026-05-27 17:59:58'::timestamptz),
('2026-07-03'::date,2026,7,3,5,'ศุกร์',false,false,NULL,NULL,true,NULL,'2026-05-27 17:59:58'::timestamptz),
('2026-07-04'::date,2026,7,4,6,'เสาร์',true,false,NULL,NULL,false,NULL,'2026-05-27 17:59:58'::timestamptz),
('2026-07-05'::date,2026,7,5,0,'อาทิตย์',true,false,NULL,NULL,false,NULL,'2026-05-27 17:59:58'::timestamptz),
('2026-07-06'::date,2026,7,6,1,'จันทร์',false,false,NULL,NULL,true,NULL,'2026-05-27 17:59:58'::timestamptz),
('2026-07-07'::date,2026,7,7,2,'อังคาร',false,false,NULL,NULL,true,NULL,'2026-05-27 17:59:58'::timestamptz),
('2026-07-08'::date,2026,7,8,3,'พุธ',false,false,NULL,NULL,true,NULL,'2026-05-27 17:59:58'::timestamptz),
('2026-07-09'::date,2026,7,9,4,'พฤหัสบดี',false,false,NULL,NULL,true,NULL,'2026-05-27 17:59:58'::timestamptz),
('2026-07-10'::date,2026,7,10,5,'ศุกร์',false,false,NULL,NULL,true,NULL,'2026-05-27 17:59:58'::timestamptz),
('2026-07-11'::date,2026,7,11,6,'เสาร์',true,false,NULL,NULL,false,NULL,'2026-05-27 17:59:58'::timestamptz),
('2026-07-12'::date,2026,7,12,0,'อาทิตย์',true,false,NULL,NULL,false,NULL,'2026-05-27 17:59:58'::timestamptz),
('2026-07-13'::date,2026,7,13,1,'จันทร์',false,false,NULL,NULL,true,NULL,'2026-05-27 17:59:58'::timestamptz),
('2026-07-14'::date,2026,7,14,2,'อังคาร',false,false,NULL,NULL,true,NULL,'2026-05-27 17:59:58'::timestamptz),
('2026-07-15'::date,2026,7,15,3,'พุธ',false,false,NULL,NULL,true,NULL,'2026-05-27 17:59:58'::timestamptz),
('2026-07-16'::date,2026,7,16,4,'พฤหัสบดี',false,false,NULL,NULL,true,NULL,'2026-05-27 17:59:58'::timestamptz),
('2026-07-17'::date,2026,7,17,5,'ศุกร์',false,false,NULL,NULL,true,NULL,'2026-05-27 17:59:58'::timestamptz),
('2026-07-18'::date,2026,7,18,6,'เสาร์',true,false,NULL,NULL,false,NULL,'2026-05-27 17:59:58'::timestamptz),
('2026-07-19'::date,2026,7,19,0,'อาทิตย์',true,false,NULL,NULL,false,NULL,'2026-05-27 17:59:58'::timestamptz),
('2026-07-20'::date,2026,7,20,1,'จันทร์',false,false,NULL,NULL,true,NULL,'2026-05-27 17:59:58'::timestamptz),
('2026-07-21'::date,2026,7,21,2,'อังคาร',false,false,NULL,NULL,true,NULL,'2026-05-27 17:59:58'::timestamptz),
('2026-07-22'::date,2026,7,22,3,'พุธ',false,false,NULL,NULL,true,NULL,'2026-05-27 17:59:58'::timestamptz),
('2026-07-23'::date,2026,7,23,4,'พฤหัสบดี',false,false,NULL,NULL,true,NULL,'2026-05-27 17:59:58'::timestamptz),
('2026-07-24'::date,2026,7,24,5,'ศุกร์',false,false,NULL,NULL,true,NULL,'2026-05-27 17:59:58'::timestamptz),
('2026-07-25'::date,2026,7,25,6,'เสาร์',true,false,NULL,NULL,false,NULL,'2026-05-27 17:59:58'::timestamptz),
('2026-07-26'::date,2026,7,26,0,'อาทิตย์',true,false,NULL,NULL,false,NULL,'2026-05-27 17:59:58'::timestamptz),
('2026-07-27'::date,2026,7,27,1,'จันทร์',false,false,NULL,NULL,true,NULL,'2026-05-27 17:59:58'::timestamptz),
('2026-07-28'::date,2026,7,28,2,'อังคาร',false,true,'วันเฉลิมพระชนมพรรษาพระบาทสมเด็จพระเจ้าอยู่หัว','Public Holiday',false,NULL,'2026-05-27 17:59:58'::timestamptz),
('2026-07-29'::date,2026,7,29,3,'พุธ',false,false,NULL,NULL,true,NULL,'2026-05-27 17:59:58'::timestamptz),
('2026-07-30'::date,2026,7,30,4,'พฤหัสบดี',false,false,NULL,NULL,true,NULL,'2026-05-27 17:59:58'::timestamptz),
('2026-07-31'::date,2026,7,31,5,'ศุกร์',false,false,NULL,NULL,true,NULL,'2026-05-27 17:59:58'::timestamptz),
('2026-08-01'::date,2026,8,1,6,'เสาร์',true,false,NULL,NULL,false,NULL,'2026-05-27 17:59:58'::timestamptz),
('2026-08-02'::date,2026,8,2,0,'อาทิตย์',true,false,NULL,NULL,false,NULL,'2026-05-27 17:59:58'::timestamptz),
('2026-08-03'::date,2026,8,3,1,'จันทร์',false,false,NULL,NULL,true,NULL,'2026-05-27 17:59:58'::timestamptz),
('2026-08-04'::date,2026,8,4,2,'อังคาร',false,false,NULL,NULL,true,NULL,'2026-05-27 17:59:58'::timestamptz),
('2026-08-05'::date,2026,8,5,3,'พุธ',false,false,NULL,NULL,true,NULL,'2026-05-27 17:59:58'::timestamptz),
('2026-08-06'::date,2026,8,6,4,'พฤหัสบดี',false,false,NULL,NULL,true,NULL,'2026-05-27 17:59:58'::timestamptz),
('2026-08-07'::date,2026,8,7,5,'ศุกร์',false,false,NULL,NULL,true,NULL,'2026-05-27 17:59:58'::timestamptz),
('2026-08-08'::date,2026,8,8,6,'เสาร์',true,false,NULL,NULL,false,NULL,'2026-05-27 17:59:58'::timestamptz),
('2026-08-09'::date,2026,8,9,0,'อาทิตย์',true,false,NULL,NULL,false,NULL,'2026-05-27 17:59:58'::timestamptz),
('2026-08-10'::date,2026,8,10,1,'จันทร์',false,false,NULL,NULL,true,NULL,'2026-05-27 17:59:58'::timestamptz),
('2026-08-11'::date,2026,8,11,2,'อังคาร',false,false,NULL,NULL,true,NULL,'2026-05-27 17:59:58'::timestamptz),
('2026-08-12'::date,2026,8,12,3,'พุธ',false,true,'วันแม่แห่งชาติ','Public Holiday',false,NULL,'2026-05-27 17:59:58'::timestamptz),
('2026-08-13'::date,2026,8,13,4,'พฤหัสบดี',false,false,NULL,NULL,true,NULL,'2026-05-27 17:59:58'::timestamptz),
('2026-08-14'::date,2026,8,14,5,'ศุกร์',false,false,NULL,NULL,true,NULL,'2026-05-27 17:59:58'::timestamptz),
('2026-08-15'::date,2026,8,15,6,'เสาร์',true,false,NULL,NULL,false,NULL,'2026-05-27 17:59:58'::timestamptz),
('2026-08-16'::date,2026,8,16,0,'อาทิตย์',true,false,NULL,NULL,false,NULL,'2026-05-27 17:59:58'::timestamptz),
('2026-08-17'::date,2026,8,17,1,'จันทร์',false,false,NULL,NULL,true,NULL,'2026-05-27 17:59:58'::timestamptz),
('2026-08-18'::date,2026,8,18,2,'อังคาร',false,false,NULL,NULL,true,NULL,'2026-05-27 17:59:58'::timestamptz),
('2026-08-19'::date,2026,8,19,3,'พุธ',false,false,NULL,NULL,true,NULL,'2026-05-27 17:59:58'::timestamptz),
('2026-08-20'::date,2026,8,20,4,'พฤหัสบดี',false,false,NULL,NULL,true,NULL,'2026-05-27 17:59:58'::timestamptz),
('2026-08-21'::date,2026,8,21,5,'ศุกร์',false,false,NULL,NULL,true,NULL,'2026-05-27 17:59:58'::timestamptz),
('2026-08-22'::date,2026,8,22,6,'เสาร์',true,false,NULL,NULL,false,NULL,'2026-05-27 17:59:58'::timestamptz),
('2026-08-23'::date,2026,8,23,0,'อาทิตย์',true,false,NULL,NULL,false,NULL,'2026-05-27 17:59:58'::timestamptz),
('2026-08-24'::date,2026,8,24,1,'จันทร์',false,false,NULL,NULL,true,NULL,'2026-05-27 17:59:58'::timestamptz),
('2026-08-25'::date,2026,8,25,2,'อังคาร',false,false,NULL,NULL,true,NULL,'2026-05-27 17:59:58'::timestamptz),
('2026-08-26'::date,2026,8,26,3,'พุธ',false,false,NULL,NULL,true,NULL,'2026-05-27 17:59:58'::timestamptz),
('2026-08-27'::date,2026,8,27,4,'พฤหัสบดี',false,false,NULL,NULL,true,NULL,'2026-05-27 17:59:58'::timestamptz),
('2026-08-28'::date,2026,8,28,5,'ศุกร์',false,false,NULL,NULL,true,NULL,'2026-05-27 17:59:58'::timestamptz),
('2026-08-29'::date,2026,8,29,6,'เสาร์',true,false,NULL,NULL,false,NULL,'2026-05-27 17:59:58'::timestamptz),
('2026-08-30'::date,2026,8,30,0,'อาทิตย์',true,false,NULL,NULL,false,NULL,'2026-05-27 17:59:58'::timestamptz),
('2026-08-31'::date,2026,8,31,1,'จันทร์',false,false,NULL,NULL,true,NULL,'2026-05-27 17:59:58'::timestamptz),
('2026-09-01'::date,2026,9,1,2,'อังคาร',false,false,NULL,NULL,true,NULL,'2026-05-27 17:59:58'::timestamptz),
('2026-09-02'::date,2026,9,2,3,'พุธ',false,false,NULL,NULL,true,NULL,'2026-05-27 17:59:58'::timestamptz),
('2026-09-03'::date,2026,9,3,4,'พฤหัสบดี',false,false,NULL,NULL,true,NULL,'2026-05-27 17:59:58'::timestamptz),
('2026-09-04'::date,2026,9,4,5,'ศุกร์',false,false,NULL,NULL,true,NULL,'2026-05-27 17:59:58'::timestamptz),
('2026-09-05'::date,2026,9,5,6,'เสาร์',true,false,NULL,NULL,false,NULL,'2026-05-27 17:59:58'::timestamptz),
('2026-09-06'::date,2026,9,6,0,'อาทิตย์',true,false,NULL,NULL,false,NULL,'2026-05-27 17:59:58'::timestamptz),
('2026-09-07'::date,2026,9,7,1,'จันทร์',false,false,NULL,NULL,true,NULL,'2026-05-27 17:59:58'::timestamptz),
('2026-09-08'::date,2026,9,8,2,'อังคาร',false,false,NULL,NULL,true,NULL,'2026-05-27 17:59:58'::timestamptz),
('2026-09-09'::date,2026,9,9,3,'พุธ',false,false,NULL,NULL,true,NULL,'2026-05-27 17:59:58'::timestamptz),
('2026-09-10'::date,2026,9,10,4,'พฤหัสบดี',false,false,NULL,NULL,true,NULL,'2026-05-27 17:59:58'::timestamptz),
('2026-09-11'::date,2026,9,11,5,'ศุกร์',false,false,NULL,NULL,true,NULL,'2026-05-27 17:59:58'::timestamptz),
('2026-09-12'::date,2026,9,12,6,'เสาร์',true,false,NULL,NULL,false,NULL,'2026-05-27 17:59:58'::timestamptz),
('2026-09-13'::date,2026,9,13,0,'อาทิตย์',true,false,NULL,NULL,false,NULL,'2026-05-27 17:59:58'::timestamptz),
('2026-09-14'::date,2026,9,14,1,'จันทร์',false,false,NULL,NULL,true,NULL,'2026-05-27 17:59:58'::timestamptz),
('2026-09-15'::date,2026,9,15,2,'อังคาร',false,false,NULL,NULL,true,NULL,'2026-05-27 17:59:58'::timestamptz),
('2026-09-16'::date,2026,9,16,3,'พุธ',false,false,NULL,NULL,true,NULL,'2026-05-27 17:59:58'::timestamptz),
('2026-09-17'::date,2026,9,17,4,'พฤหัสบดี',false,false,NULL,NULL,true,NULL,'2026-05-27 17:59:58'::timestamptz),
('2026-09-18'::date,2026,9,18,5,'ศุกร์',false,false,NULL,NULL,true,NULL,'2026-05-27 17:59:58'::timestamptz),
('2026-09-19'::date,2026,9,19,6,'เสาร์',true,false,NULL,NULL,false,NULL,'2026-05-27 17:59:58'::timestamptz),
('2026-09-20'::date,2026,9,20,0,'อาทิตย์',true,false,NULL,NULL,false,NULL,'2026-05-27 17:59:58'::timestamptz),
('2026-09-21'::date,2026,9,21,1,'จันทร์',false,false,NULL,NULL,true,NULL,'2026-05-27 17:59:58'::timestamptz),
('2026-09-22'::date,2026,9,22,2,'อังคาร',false,false,NULL,NULL,true,NULL,'2026-05-27 17:59:58'::timestamptz),
('2026-09-23'::date,2026,9,23,3,'พุธ',false,false,NULL,NULL,true,NULL,'2026-05-27 17:59:58'::timestamptz),
('2026-09-24'::date,2026,9,24,4,'พฤหัสบดี',false,false,NULL,NULL,true,NULL,'2026-05-27 17:59:58'::timestamptz),
('2026-09-25'::date,2026,9,25,5,'ศุกร์',false,false,NULL,NULL,true,NULL,'2026-05-27 17:59:58'::timestamptz),
('2026-09-26'::date,2026,9,26,6,'เสาร์',true,false,NULL,NULL,false,NULL,'2026-05-27 17:59:58'::timestamptz),
('2026-09-27'::date,2026,9,27,0,'อาทิตย์',true,false,NULL,NULL,false,NULL,'2026-05-27 17:59:58'::timestamptz),
('2026-09-28'::date,2026,9,28,1,'จันทร์',false,false,NULL,NULL,true,NULL,'2026-05-27 17:59:58'::timestamptz),
('2026-09-29'::date,2026,9,29,2,'อังคาร',false,false,NULL,NULL,true,NULL,'2026-05-27 17:59:58'::timestamptz),
('2026-09-30'::date,2026,9,30,3,'พุธ',false,false,NULL,NULL,true,NULL,'2026-05-27 17:59:58'::timestamptz),
('2026-10-01'::date,2026,10,1,4,'พฤหัสบดี',false,false,NULL,NULL,true,NULL,'2026-05-27 17:59:58'::timestamptz),
('2026-10-02'::date,2026,10,2,5,'ศุกร์',false,false,NULL,NULL,true,NULL,'2026-05-27 17:59:58'::timestamptz),
('2026-10-03'::date,2026,10,3,6,'เสาร์',true,false,NULL,NULL,false,NULL,'2026-05-27 17:59:58'::timestamptz),
('2026-10-04'::date,2026,10,4,0,'อาทิตย์',true,false,NULL,NULL,false,NULL,'2026-05-27 17:59:58'::timestamptz),
('2026-10-05'::date,2026,10,5,1,'จันทร์',false,false,NULL,NULL,true,NULL,'2026-05-27 17:59:58'::timestamptz),
('2026-10-06'::date,2026,10,6,2,'อังคาร',false,false,NULL,NULL,true,NULL,'2026-05-27 17:59:58'::timestamptz),
('2026-10-07'::date,2026,10,7,3,'พุธ',false,false,NULL,NULL,true,NULL,'2026-05-27 17:59:58'::timestamptz),
('2026-10-08'::date,2026,10,8,4,'พฤหัสบดี',false,false,NULL,NULL,true,NULL,'2026-05-27 17:59:58'::timestamptz),
('2026-10-09'::date,2026,10,9,5,'ศุกร์',false,false,NULL,NULL,true,NULL,'2026-05-27 17:59:58'::timestamptz),
('2026-10-10'::date,2026,10,10,6,'เสาร์',true,false,NULL,NULL,false,NULL,'2026-05-27 17:59:58'::timestamptz),
('2026-10-11'::date,2026,10,11,0,'อาทิตย์',true,false,NULL,NULL,false,NULL,'2026-05-27 17:59:58'::timestamptz),
('2026-10-12'::date,2026,10,12,1,'จันทร์',false,false,NULL,NULL,true,NULL,'2026-05-27 17:59:58'::timestamptz),
('2026-10-13'::date,2026,10,13,2,'อังคาร',false,true,'วันนวมินทรมหาราช','Public Holiday',false,NULL,'2026-05-27 17:59:58'::timestamptz),
('2026-10-14'::date,2026,10,14,3,'พุธ',false,false,NULL,NULL,true,NULL,'2026-05-27 17:59:58'::timestamptz),
('2026-10-15'::date,2026,10,15,4,'พฤหัสบดี',false,false,NULL,NULL,true,NULL,'2026-05-27 17:59:58'::timestamptz),
('2026-10-16'::date,2026,10,16,5,'ศุกร์',false,false,NULL,NULL,true,NULL,'2026-05-27 17:59:58'::timestamptz),
('2026-10-17'::date,2026,10,17,6,'เสาร์',true,false,NULL,NULL,false,NULL,'2026-05-27 17:59:58'::timestamptz),
('2026-10-18'::date,2026,10,18,0,'อาทิตย์',true,false,NULL,NULL,false,NULL,'2026-05-27 17:59:58'::timestamptz),
('2026-10-19'::date,2026,10,19,1,'จันทร์',false,false,NULL,NULL,true,NULL,'2026-05-27 17:59:58'::timestamptz),
('2026-10-20'::date,2026,10,20,2,'อังคาร',false,false,NULL,NULL,true,NULL,'2026-05-27 17:59:58'::timestamptz),
('2026-10-21'::date,2026,10,21,3,'พุธ',false,false,NULL,NULL,true,NULL,'2026-05-27 17:59:58'::timestamptz),
('2026-10-22'::date,2026,10,22,4,'พฤหัสบดี',false,false,NULL,NULL,true,NULL,'2026-05-27 17:59:58'::timestamptz),
('2026-10-23'::date,2026,10,23,5,'ศุกร์',false,true,'วันปิยมหาราช','Public Holiday',false,NULL,'2026-05-27 17:59:58'::timestamptz),
('2026-10-24'::date,2026,10,24,6,'เสาร์',true,false,NULL,NULL,false,NULL,'2026-05-27 17:59:58'::timestamptz),
('2026-10-25'::date,2026,10,25,0,'อาทิตย์',true,false,NULL,NULL,false,NULL,'2026-05-27 17:59:58'::timestamptz),
('2026-10-26'::date,2026,10,26,1,'จันทร์',false,false,NULL,NULL,true,NULL,'2026-05-27 17:59:58'::timestamptz),
('2026-10-27'::date,2026,10,27,2,'อังคาร',false,false,NULL,NULL,true,NULL,'2026-05-27 17:59:58'::timestamptz),
('2026-10-28'::date,2026,10,28,3,'พุธ',false,false,NULL,NULL,true,NULL,'2026-05-27 17:59:58'::timestamptz),
('2026-10-29'::date,2026,10,29,4,'พฤหัสบดี',false,false,NULL,NULL,true,NULL,'2026-05-27 17:59:58'::timestamptz),
('2026-10-30'::date,2026,10,30,5,'ศุกร์',false,false,NULL,NULL,true,NULL,'2026-05-27 17:59:58'::timestamptz),
('2026-10-31'::date,2026,10,31,6,'เสาร์',true,false,NULL,NULL,false,NULL,'2026-05-27 17:59:58'::timestamptz),
('2026-11-01'::date,2026,11,1,0,'อาทิตย์',true,false,NULL,NULL,false,NULL,'2026-05-27 17:59:58'::timestamptz),
('2026-11-02'::date,2026,11,2,1,'จันทร์',false,false,NULL,NULL,true,NULL,'2026-05-27 17:59:58'::timestamptz),
('2026-11-03'::date,2026,11,3,2,'อังคาร',false,false,NULL,NULL,true,NULL,'2026-05-27 17:59:58'::timestamptz),
('2026-11-04'::date,2026,11,4,3,'พุธ',false,false,NULL,NULL,true,NULL,'2026-05-27 17:59:58'::timestamptz),
('2026-11-05'::date,2026,11,5,4,'พฤหัสบดี',false,false,NULL,NULL,true,NULL,'2026-05-27 17:59:58'::timestamptz),
('2026-11-06'::date,2026,11,6,5,'ศุกร์',false,false,NULL,NULL,true,NULL,'2026-05-27 17:59:58'::timestamptz),
('2026-11-07'::date,2026,11,7,6,'เสาร์',true,false,NULL,NULL,false,NULL,'2026-05-27 17:59:58'::timestamptz),
('2026-11-08'::date,2026,11,8,0,'อาทิตย์',true,false,NULL,NULL,false,NULL,'2026-05-27 17:59:58'::timestamptz),
('2026-11-09'::date,2026,11,9,1,'จันทร์',false,false,NULL,NULL,true,NULL,'2026-05-27 17:59:58'::timestamptz),
('2026-11-10'::date,2026,11,10,2,'อังคาร',false,false,NULL,NULL,true,NULL,'2026-05-27 17:59:58'::timestamptz),
('2026-11-11'::date,2026,11,11,3,'พุธ',false,false,NULL,NULL,true,NULL,'2026-05-27 17:59:58'::timestamptz),
('2026-11-12'::date,2026,11,12,4,'พฤหัสบดี',false,false,NULL,NULL,true,NULL,'2026-05-27 17:59:58'::timestamptz),
('2026-11-13'::date,2026,11,13,5,'ศุกร์',false,false,NULL,NULL,true,NULL,'2026-05-27 17:59:58'::timestamptz),
('2026-11-14'::date,2026,11,14,6,'เสาร์',true,false,NULL,NULL,false,NULL,'2026-05-27 17:59:58'::timestamptz),
('2026-11-15'::date,2026,11,15,0,'อาทิตย์',true,false,NULL,NULL,false,NULL,'2026-05-27 17:59:58'::timestamptz),
('2026-11-16'::date,2026,11,16,1,'จันทร์',false,false,NULL,NULL,true,NULL,'2026-05-27 17:59:58'::timestamptz),
('2026-11-17'::date,2026,11,17,2,'อังคาร',false,false,NULL,NULL,true,NULL,'2026-05-27 17:59:58'::timestamptz),
('2026-11-18'::date,2026,11,18,3,'พุธ',false,false,NULL,NULL,true,NULL,'2026-05-27 17:59:58'::timestamptz),
('2026-11-19'::date,2026,11,19,4,'พฤหัสบดี',false,false,NULL,NULL,true,NULL,'2026-05-27 17:59:58'::timestamptz),
('2026-11-20'::date,2026,11,20,5,'ศุกร์',false,false,NULL,NULL,true,NULL,'2026-05-27 17:59:58'::timestamptz),
('2026-11-21'::date,2026,11,21,6,'เสาร์',true,false,NULL,NULL,false,NULL,'2026-05-27 17:59:58'::timestamptz),
('2026-11-22'::date,2026,11,22,0,'อาทิตย์',true,false,NULL,NULL,false,NULL,'2026-05-27 17:59:58'::timestamptz),
('2026-11-23'::date,2026,11,23,1,'จันทร์',false,false,NULL,NULL,true,NULL,'2026-05-27 17:59:58'::timestamptz),
('2026-11-24'::date,2026,11,24,2,'อังคาร',false,false,NULL,NULL,true,NULL,'2026-05-27 17:59:58'::timestamptz),
('2026-11-25'::date,2026,11,25,3,'พุธ',false,false,NULL,NULL,true,NULL,'2026-05-27 17:59:58'::timestamptz),
('2026-11-26'::date,2026,11,26,4,'พฤหัสบดี',false,false,NULL,NULL,true,NULL,'2026-05-27 17:59:58'::timestamptz),
('2026-11-27'::date,2026,11,27,5,'ศุกร์',false,false,NULL,NULL,true,NULL,'2026-05-27 17:59:58'::timestamptz),
('2026-11-28'::date,2026,11,28,6,'เสาร์',true,false,NULL,NULL,false,NULL,'2026-05-27 17:59:58'::timestamptz),
('2026-11-29'::date,2026,11,29,0,'อาทิตย์',true,false,NULL,NULL,false,NULL,'2026-05-27 17:59:58'::timestamptz),
('2026-11-30'::date,2026,11,30,1,'จันทร์',false,false,NULL,NULL,true,NULL,'2026-05-27 17:59:58'::timestamptz),
('2026-12-01'::date,2026,12,1,2,'อังคาร',false,false,NULL,NULL,true,NULL,'2026-05-27 17:59:58'::timestamptz),
('2026-12-02'::date,2026,12,2,3,'พุธ',false,false,NULL,NULL,true,NULL,'2026-05-27 17:59:58'::timestamptz),
('2026-12-03'::date,2026,12,3,4,'พฤหัสบดี',false,false,NULL,NULL,true,NULL,'2026-05-27 17:59:58'::timestamptz),
('2026-12-04'::date,2026,12,4,5,'ศุกร์',false,false,NULL,NULL,true,NULL,'2026-05-27 17:59:58'::timestamptz),
('2026-12-05'::date,2026,12,5,6,'เสาร์',true,true,'วันพ่อแห่งชาติ','Public Holiday',false,NULL,'2026-05-27 17:59:58'::timestamptz),
('2026-12-06'::date,2026,12,6,0,'อาทิตย์',true,false,NULL,NULL,false,NULL,'2026-05-27 17:59:58'::timestamptz),
('2026-12-07'::date,2026,12,7,1,'จันทร์',false,false,NULL,NULL,true,NULL,'2026-05-27 17:59:58'::timestamptz),
('2026-12-08'::date,2026,12,8,2,'อังคาร',false,false,NULL,NULL,true,NULL,'2026-05-27 17:59:58'::timestamptz),
('2026-12-09'::date,2026,12,9,3,'พุธ',false,false,NULL,NULL,true,NULL,'2026-05-27 17:59:58'::timestamptz),
('2026-12-10'::date,2026,12,10,4,'พฤหัสบดี',false,true,'วันรัฐธรรมนูญ','Public Holiday',false,NULL,'2026-05-27 17:59:58'::timestamptz),
('2026-12-11'::date,2026,12,11,5,'ศุกร์',false,false,NULL,NULL,true,NULL,'2026-05-27 17:59:58'::timestamptz),
('2026-12-12'::date,2026,12,12,6,'เสาร์',true,false,NULL,NULL,false,NULL,'2026-05-27 17:59:58'::timestamptz),
('2026-12-13'::date,2026,12,13,0,'อาทิตย์',true,false,NULL,NULL,false,NULL,'2026-05-27 17:59:58'::timestamptz),
('2026-12-14'::date,2026,12,14,1,'จันทร์',false,false,NULL,NULL,true,NULL,'2026-05-27 17:59:58'::timestamptz),
('2026-12-15'::date,2026,12,15,2,'อังคาร',false,false,NULL,NULL,true,NULL,'2026-05-27 17:59:58'::timestamptz),
('2026-12-16'::date,2026,12,16,3,'พุธ',false,false,NULL,NULL,true,NULL,'2026-05-27 17:59:58'::timestamptz),
('2026-12-17'::date,2026,12,17,4,'พฤหัสบดี',false,false,NULL,NULL,true,NULL,'2026-05-27 17:59:58'::timestamptz),
('2026-12-18'::date,2026,12,18,5,'ศุกร์',false,false,NULL,NULL,true,NULL,'2026-05-27 17:59:58'::timestamptz),
('2026-12-19'::date,2026,12,19,6,'เสาร์',true,false,NULL,NULL,false,NULL,'2026-05-27 17:59:58'::timestamptz),
('2026-12-20'::date,2026,12,20,0,'อาทิตย์',true,false,NULL,NULL,false,NULL,'2026-05-27 17:59:58'::timestamptz),
('2026-12-21'::date,2026,12,21,1,'จันทร์',false,false,NULL,NULL,true,NULL,'2026-05-27 17:59:58'::timestamptz),
('2026-12-22'::date,2026,12,22,2,'อังคาร',false,false,NULL,NULL,true,NULL,'2026-05-27 17:59:58'::timestamptz),
('2026-12-23'::date,2026,12,23,3,'พุธ',false,false,NULL,NULL,true,NULL,'2026-05-27 17:59:58'::timestamptz),
('2026-12-24'::date,2026,12,24,4,'พฤหัสบดี',false,false,NULL,NULL,true,NULL,'2026-05-27 17:59:58'::timestamptz),
('2026-12-25'::date,2026,12,25,5,'ศุกร์',false,false,NULL,NULL,true,NULL,'2026-05-27 17:59:58'::timestamptz),
('2026-12-26'::date,2026,12,26,6,'เสาร์',true,false,NULL,NULL,false,NULL,'2026-05-27 17:59:58'::timestamptz),
('2026-12-27'::date,2026,12,27,0,'อาทิตย์',true,false,NULL,NULL,false,NULL,'2026-05-27 17:59:58'::timestamptz),
('2026-12-28'::date,2026,12,28,1,'จันทร์',false,false,NULL,NULL,true,NULL,'2026-05-27 17:59:58'::timestamptz),
('2026-12-29'::date,2026,12,29,2,'อังคาร',false,false,NULL,NULL,true,NULL,'2026-05-27 17:59:58'::timestamptz),
('2026-12-30'::date,2026,12,30,3,'พุธ',false,false,NULL,NULL,true,NULL,'2026-05-27 17:59:58'::timestamptz),
('2026-12-31'::date,2026,12,31,4,'พฤหัสบดี',false,true,'วันสิ้นปี','Public Holiday',false,NULL,'2026-05-27 17:59:58'::timestamptz)
on conflict (holiday_date) do update set
year=excluded.year, month=excluded.month, day=excluded.day, weekday=excluded.weekday,
weekday_th=excluded.weekday_th, is_weekend=excluded.is_weekend, is_holiday=excluded.is_holiday,
holiday_name=excluded.holiday_name, holiday_type=excluded.holiday_type, is_workday=excluded.is_workday,
note=excluded.note;

insert into checkin_logs(log_id, emp_id, checkin_date, checkin_time, points_earned, status) values
('CH-3D98EE37','3672','2026-05-20'::date,'07:30:21'::time,1,'Success'),
('CH-34CFDC35','3672','2026-05-27'::date,'10:43:47'::time,1,'Success'),
('CH-F89D1CCF','3672','2026-05-29'::date,'08:54:03'::time,1,'Success'),
('CH-06BF15CA','002','2026-05-29'::date,'09:29:45'::time,1,'Success'),
('CH-D23FA59E','75','2026-05-29'::date,'11:21:49'::time,1,'Success'),
('CH-CD02AB04','1012','2026-05-29'::date,'13:48:17'::time,1,'Success'),
('CH-DFB1237F','3672','2026-06-29'::date,'12:00:15'::time,1,'Success'),
('CH-F90BF74D','3672','2026-07-08'::date,'08:55:48'::time,1,'Success'),
('CH-D99AFC28','3672','2026-07-09'::date,'08:26:22'::time,1,'Success')
on conflict (log_id) do nothing;

insert into point_transactions(tx_id, emp_id, tx_type, amount, description, balance_after, source_type, source_id, metadata, created_at) values
('TX-011D3839','3672','earn'::point_tx_type,1,'Daily Check-in',1,NULL,NULL,'{}'::jsonb,'2026-05-20 07:30:19'::timestamptz),
('TX-FF85B549','3672','earn'::point_tx_type,1,'Daily Check-in',3,NULL,NULL,'{}'::jsonb,'2026-05-27 10:43:45'::timestamptz),
('TX-43181430','3672','earn'::point_tx_type,1,'Daily Check-in',4,NULL,NULL,'{}'::jsonb,'2026-05-29 08:54:03'::timestamptz),
('TX-295A73D6','002','earn'::point_tx_type,1,'Daily Check-in',1,NULL,NULL,'{}'::jsonb,'2026-05-29 09:29:42'::timestamptz),
('TX-F57E222A','75','earn'::point_tx_type,1,'Daily Check-in',1,NULL,NULL,'{}'::jsonb,'2026-05-29 11:21:51'::timestamptz),
('TX-8CE1B071','1012','earn'::point_tx_type,1,'Daily Check-in',1,NULL,NULL,'{}'::jsonb,'2026-05-29 13:48:19'::timestamptz),
('TX-8A81CDFE','3672','earn'::point_tx_type,1,'Daily Check-in',5,NULL,NULL,'{}'::jsonb,'2026-06-29 12:00:42'::timestamptz),
('TX-C18D5FEF','3672','earn'::point_tx_type,1,'Daily Check-in',6,NULL,NULL,'{}'::jsonb,'2026-07-08 08:55:50'::timestamptz),
('TX-ECC227F3','3672','earn'::point_tx_type,1,'Daily Check-in',7,NULL,NULL,'{}'::jsonb,'2026-07-09 08:26:23'::timestamptz)
on conflict (tx_id) do nothing;

insert into overall_logs(log_id, employee_id, source_type, source_id, point_before, points_change, point_after, activity_date, activity_time, created_at, metadata) values
('LOG-6BC87913-4','3672','EARN','TX-011D3839',0,1,1,'2026-05-20'::date,'07:30:19'::time,'2026-05-20 07:30:19'::timestamptz,'{"desc":"Daily Check-in"}'::jsonb),
('LOG-ECE9AEFE-8','3672','EARN','TX-FF85B549',2,1,3,'2026-05-27'::date,'10:43:45'::time,'2026-05-27 10:43:45'::timestamptz,'{"desc":"Daily Check-in"}'::jsonb),
('LOG-5D0674B3-7','3672','EARN','TX-43181430',3,1,4,'2026-05-29'::date,'08:54:03'::time,'2026-05-29 08:54:03'::timestamptz,'{"desc":"Daily Check-in"}'::jsonb),
('LOG-A1F9F145-1','002','EARN','TX-295A73D6',0,1,1,'2026-05-29'::date,'09:29:42'::time,'2026-05-29 09:29:42'::timestamptz,'{"desc":"Daily Check-in"}'::jsonb),
('LOG-4CD9F533-0','75','EARN','TX-F57E222A',0,1,1,'2026-05-29'::date,'11:21:52'::time,'2026-05-29 11:21:52'::timestamptz,'{"desc":"Daily Check-in","originalType":"EARN"}'::jsonb),
('LOG-BBE026FB-B','1012','EARN','TX-8CE1B071',0,1,1,'2026-05-29'::date,'13:48:19'::time,'2026-05-29 13:48:19'::timestamptz,'{"desc":"Daily Check-in","originalType":"EARN"}'::jsonb),
('LOG-51CE844B-1','3672','EARN','TX-8A81CDFE',4,1,5,'2026-06-29'::date,'12:00:43'::time,'2026-06-29 12:00:43'::timestamptz,'{"desc":"Daily Check-in","originalType":"EARN"}'::jsonb),
('LOG-B37A3D54-1','3672','EARN','TX-C18D5FEF',5,1,6,'2026-07-08'::date,'08:55:50'::time,'2026-07-08 08:55:50'::timestamptz,'{"desc":"Daily Check-in","originalType":"EARN"}'::jsonb),
('LOG-5DA007D3-D','3672','EARN','TX-ECC227F3',6,1,7,'2026-07-09'::date,'08:26:23'::time,'2026-07-09 08:26:23'::timestamptz,'{"desc":"Daily Check-in","originalType":"EARN"}'::jsonb)
on conflict (log_id) do nothing;

insert into notifications(notification_id, emp_id, title, message, type, created_at, is_read, metadata) values
('NOTI-1779237019928','3672','เช็คอินสำเร็จ','คุณได้รับ 1 แต้มจากการเช็คอินวันนี้','system'::notification_type,'2026-05-20 07:30:19'::timestamptz,false,'{}'::jsonb),
('NOTI-1779853425506','3672','เช็คอินสำเร็จ','คุณได้รับ 1 แต้มจากการเช็คอินวันนี้','system'::notification_type,'2026-05-27 10:43:45'::timestamptz,false,'{}'::jsonb),
('NOTI-1780021783072-A6ADA','002','ได้รับแต้ม +1','จาก: Daily Check-in | แต้มรวม 1','point_earn'::notification_type,'2026-05-29 09:29:43'::timestamptz,false,'{"txId":"TX-295A73D6","points":1,"balance":1,"desc":"Daily Check-in"}'::jsonb),
('NOTI-1780021783835-BF07B','002','เช็คอินสำเร็จ','คุณได้รับ 1 แต้มจากการเช็คอินวันนี้ | แต้มรวม 1','checkin'::notification_type,'2026-05-29 09:29:43'::timestamptz,false,'{"date":"2026-05-29","points":1,"balance":1}'::jsonb),
('NOTI-1780021827995-FC698','3672','ข้อความใหม่จาก สินชัย ภู่เพชร','สวัสดี','chat'::notification_type,'2026-05-29 09:30:27'::timestamptz,true,'{"senderId":"002","receiverId":"3672","room":"002_3672","msgId":"MSG-1780021825502-9A189"}'::jsonb),
('NOTI-1780021930133-F81F9','3672','ข้อความใหม่จาก สินชัย ภู่เพชร','ฟหก','chat'::notification_type,'2026-05-29 09:32:10'::timestamptz,true,'{"senderId":"002","receiverId":"3672","room":"002_3672","msgId":"MSG-1780021928102-19765"}'::jsonb),
('NOTI-1780026216869-878EE','056','ข้อความใหม่จาก สินชัย ภู่เพชร','test','chat'::notification_type,'2026-05-29 10:43:36'::timestamptz,false,'{"senderId":"002","receiverId":"056","room":"002_056","msgId":"MSG-1780026214273-40D22"}'::jsonb),
('NOTI-1780028277395-F6B00','056','ข้อความใหม่จาก 002','hi','chat'::notification_type,'2026-05-29 11:17:57'::timestamptz,false,'{"senderId":"002","receiverId":"056","room":"002_056","msgId":"MSG-1780028275659-ABC2F"}'::jsonb),
('NOTI-1780028301602-1CB13','056','ข้อความใหม่จาก 002','hi','chat'::notification_type,'2026-05-29 11:18:21'::timestamptz,false,'{"senderId":"002","receiverId":"056","room":"002_056","msgId":"MSG-1780028299956-F9C4E"}'::jsonb),
('NOTI-1780028512414-5EE58','75','ได้รับแต้ม +1','จาก: Daily Check-in | แต้มรวม 1','point_earn'::notification_type,'2026-05-29 11:21:52'::timestamptz,true,'{"txId":"TX-F57E222A","points":1,"balance":1,"desc":"Daily Check-in"}'::jsonb),
('NOTI-1780028513330-F4FCF','75','เช็คอินสำเร็จ','คุณได้รับ 1 แต้มจากการเช็คอินวันนี้ | แต้มรวม 1','checkin'::notification_type,'2026-05-29 11:21:53'::timestamptz,true,'{"date":"2026-05-29","points":1,"balance":1,"stamp":"SUCCESS"}'::jsonb),
('NOTI-1780028560143-10147','3672','ข้อความใหม่จาก 75','hi','chat'::notification_type,'2026-05-29 11:22:40'::timestamptz,true,'{"senderId":"75","receiverId":"3672","room":"3672_75","msgId":"MSG-1780028558399-239CE"}'::jsonb),
('NOTI-1780037299918-03F8F','1012','ได้รับแต้ม +1','จาก: Daily Check-in | แต้มรวม 1','point_earn'::notification_type,'2026-05-29 13:48:19'::timestamptz,false,'{"txId":"TX-8CE1B071","points":1,"balance":1,"desc":"Daily Check-in"}'::jsonb),
('NOTI-1780037300829-20DF8','1012','เช็คอินสำเร็จ','คุณได้รับ 1 แต้มจากการเช็คอินวันนี้ | แต้มรวม 1','checkin'::notification_type,'2026-05-29 13:48:20'::timestamptz,false,'{"date":"2026-05-29","points":1,"balance":1,"stamp":"SUCCESS"}'::jsonb),
('NOTI-1780038212641-587A2','75','ข้อความใหม่จาก 3672','hi','chat'::notification_type,'2026-05-29 14:03:32'::timestamptz,false,'{"senderId":"3672","receiverId":"75","msgId":"MSG-20260529-140332-D94021","source":"contactMessager_log"}'::jsonb),
('NOTI-1782709244212-340A5','3672','ได้รับแต้ม +1','จาก: Daily Check-in | แต้มรวม 5','point_earn'::notification_type,'2026-06-29 12:00:44'::timestamptz,false,'{"txId":"TX-8A81CDFE","points":1,"balance":5,"desc":"Daily Check-in"}'::jsonb),
('NOTI-1782709245445-4BA29','3672','เช็คอินสำเร็จ','คุณได้รับ 1 แต้มจากการเช็คอินวันนี้ | แต้มรวม 5','checkin'::notification_type,'2026-06-29 12:00:45'::timestamptz,false,'{"date":"2026-06-29","points":1,"balance":5,"stamp":"SUCCESS"}'::jsonb),
('NOTI-1783475751565-17DC1','3672','ได้รับแต้ม +1','จาก: Daily Check-in | แต้มรวม 6','point_earn'::notification_type,'2026-07-08 08:55:51'::timestamptz,false,'{"txId":"TX-C18D5FEF","points":1,"balance":6,"desc":"Daily Check-in"}'::jsonb),
('NOTI-1783475751739-97C12','3672','เช็คอินสำเร็จ','คุณได้รับ 1 แต้มจากการเช็คอินวันนี้ | แต้มรวม 6','checkin'::notification_type,'2026-07-08 08:55:51'::timestamptz,false,'{"date":"2026-07-08","points":1,"balance":6,"stamp":"SUCCESS"}'::jsonb),
('NOTI-1783560384974-A4951','3672','ได้รับแต้ม +1','จาก: Daily Check-in | แต้มรวม 7','point_earn'::notification_type,'2026-07-09 08:26:24'::timestamptz,false,'{"txId":"TX-ECC227F3","points":1,"balance":7,"desc":"Daily Check-in"}'::jsonb),
('NOTI-1783560385188-1F2D5','3672','เช็คอินสำเร็จ','คุณได้รับ 1 แต้มจากการเช็คอินวันนี้ | แต้มรวม 7','checkin'::notification_type,'2026-07-09 08:26:25'::timestamptz,true,'{"date":"2026-07-09","points":1,"balance":7,"stamp":"SUCCESS"}'::jsonb)
on conflict (notification_id) do nothing;

insert into direct_messages(msg_id, sender_emp_id, receiver_emp_id, content, reply_to_id, sent_at, status, reply_to_content) values
('MSG-1780021825502-9A189','002','3672','สวัสดี',NULL,'2026-05-29 09:30:25'::timestamptz,'sent'::message_status,NULL),
('MSG-1780021928102-19765','002','3672','ฟหก',NULL,'2026-05-29 09:32:08'::timestamptz,'sent'::message_status,NULL),
('MSG-1780026214273-40D22','002','056','test',NULL,'2026-05-29 10:43:34'::timestamptz,'sent'::message_status,NULL),
('MSG-1780028275659-ABC2F','002','056','hi',NULL,'2026-05-29 11:17:55'::timestamptz,'sent'::message_status,NULL),
('MSG-1780028299956-F9C4E','002','056','hi',NULL,'2026-05-29 11:18:19'::timestamptz,'sent'::message_status,NULL),
('MSG-1780028558399-239CE','75','3672','hi',NULL,'2026-05-29 11:22:38'::timestamptz,'read'::message_status,NULL),
('MSG-20260529-140332-D94021','3672','75','hi',NULL,'2026-05-29 14:03:32'::timestamptz,'sent'::message_status,NULL)
on conflict (msg_id) do nothing;

insert into chat_faq(keyword, response) values
('สวัสดี','สวัสดีครับ มีอะไรให้ช่วยไหมครับ?'),
('ติดต่อ','ติดต่อฝ่ายบุคคล โทร 02-xxx-xxxx'),
('ลาป่วย','แจ้งลาป่วยได้ที่เมนู "แจ้งลา" นะครับ'),
('ลงเวลา','ลงเวลาเข้างานกดที่ปุ่มสีเขียวได้เลย'),
('SB INTERLAB MAKE IT CLEAN BEAUTY','บริษัทเอสบี อินเตอร์แลบ จำกัด เป็นผู้ผลิตและจำหน่ายผลิตภัณฑ์ดูแลผิวและเส้นผม นอกจากนี้เรายังให้บริการการผลิตสำหรับลูกค้าที่สนใจในการสร้างแบรนด์ชั้นนำ (OEM) ความพิเศษของเรา ได้แก่ ผลิตภัณฑ์ดูแลเส้นผม ผลิตภัณฑ์ดูแลผิว ผลิตภัณฑ์ดูแลผิวหน้า และผลิตภัณฑ์ดูแลช่องปาก เราให้บริการลูกค้าในประเทศมากกว่า 5,000 รายและลูกค้าต่างประเทศมากกว่า 200 รายใน 40 ประเทศ ด้วยประสบการ์การดำเนินธุรกิจมากว่า 40 ปี

บริษัทยังคงทุ่มเทในการส่งเสริมการเติบโตอย่างยั่งยืนในขณะที่ยังคงรักษาแนวทางปฏิบัติทางธุรกิจที่มีจริยธรรมผู้บริหารและพนักงานทุกคนร่วมทุ่มเทความทุ่มเทนี้ในความรับผิดชอบต่อผู้มีส่วนได้ส่วนได้ส่วนเสียที่แตกต่างกัน ได้แก่ ลูกค้าของเรา พนักงานของเรา พันธมิตรของเรา คู่แข่งทางธุรกิจของเรา ความกังวลทางสังคมและสิ่งแวดล้อม การดำเนินธุรกิจอย่างซื่อสัตย์สูงสุด'),
('วิสัยทัศน์','เอสบีจะสร้างความงามที่มีคุณค่าให้กับผู้คนเพื่อคุณภาพชีวิตที่ดีขึ้น'),
('นโยบายคุณภาพ','เอสบี ผู้นำเครื่องสำอาง ด้านความงามสร้างสรรค์ การเรียนรู้ สู่มาตรฐานสินค้าให้เป็นหนึ่ง คนสิ่งแวดล้อมความปลอดภัยเราคำนึง เพื่อบริหารต้นทุนและบริการส่งมอบที่ลูกค้าเราพึงพอใจ'),
('พันธกิจ','1. เพิ่มประสิทธิภาพของการวิจัยและพัฒนาผลิตภัณฑ์
‍
2. ส่งมอบผลิตภัณฑ์และประสบการณ์ที่ดีเพื่อให้ได้ตามความต้องการของลูกค้า สร้างความพึงพอใจให้ลูกค้า
อย่างต่อเนื่อง‍

3. เพิ่มประสิทธิภาพของกระบวนการผลิต โดยใช้เทคโนโลยี และ ประยุกต์ใช้ความรู้ทางด้านบริหารจัดการ
เพื่อให้ได้สินค้าที่มีคุณภาพและสามารถแข่งขันได้

4. ดำเนินการให้เกิดความยั่งยืน ด้านความปลอดภัยอาชีวอนามัย สิ่งแวดล้อม และสังคม
‍
5. ดำเนินธุรกิจบนพื้นฐานคุณธรรม จริยธรรม มุ่งสู่การทำงานเพื่อสร้างการเติบโตแบบมั่นคง')
on conflict (keyword) do update set response=excluded.response, updated_at=now();


-- Recalculate point summary from imported point_transactions
select recalc_user_points(emp_id) from app_users;

-- FIX: เติม created_at ที่เป็น NULL กลับเป็นเวลาปัจจุบัน แล้วล็อก not null คืน
update app_users set created_at = now() where created_at is null;
alter table app_users alter column created_at set default now();
alter table app_users alter column created_at set not null;

commit;
